scorer,,,luke_yinghan,luke_yinghan,luke_yinghan,luke_yinghan,luke_yinghan,luke_yinghan,luke_yinghan,luke_yinghan,luke_yinghan,luke_yinghan,luke_yinghan,luke_yinghan,luke_yinghan,luke_yinghan,luke_yinghan,luke_yinghan,luke_yinghan,luke_yinghan,luke_yinghan,luke_yinghan,luke_yinghan,luke_yinghan,luke_yinghan,luke_yinghan,luke_yinghan,luke_yinghan
individuals,,,individual1,individual1,individual1,individual1,individual2,individual2,individual2,individual2,single,single,single,single,single,single,single,single,single,single,single,single,single,single,single,single,single,single
bodyparts,,,head,head,tail,tail,head,head,tail,tail,cup_h,cup_h,cup_m,cup_m,cup_t,cup_t,pitcher_h,pitcher_h,pitcher_m,pitcher_m,pitcher_t,pitcher_t,tap_h,tap_h,tap_m,tap_m,tap_t,tap_t
coords,,,x,y,x,y,x,y,x,y,x,y,x,y,x,y,x,y,x,y,x,y,x,y,x,y,x,y
labeled-data,1641420386-left,img002.png,1363.347595252967,484.7007495315428,1382.5356027482824,535.0692692067457,1334.565584009994,429.53522798251083,1315.3775765146784,496.69325421611495,1097.1139912554654,400.7532167395377,1101.9109931292942,439.1292317301686,1104.3094940662086,472.7082448469705,468.70674578388497,314.4071830106184,528.6692692067456,453.52023735165517,591.0302935665209,561.4527795128045,495.0902560899437,55.369081823859915,528.6692692067456,112.93310430980637,559.8497813866334,204.07613991255448
labeled-data,1641420386-left,img026.png,1358.550593379138,484.7007495315428,1380.137101811368,532.6707682698313,1334.565584009994,434.33222985633984,1312.979075577764,503.88875702685823,1101.9109931292942,403.1517176764521,1104.3094940662086,439.1292317301686,1106.707995003123,475.106745783885,480.69925046845714,316.80568394753277,535.864772017489,443.9262336039974,591.0302935665209,563.851280449719,495.0902560899437,57.7675827607743,526.2707682698313,115.33160524672076,557.451280449719,208.87314178638348
labeled-data,1641420386-left,img063.png,1360.9490943160524,482.3022485946283,1377.7386008744536,535.0692692067457,1334.565584009994,431.9337289194252,1310.5805746408496,499.09175515302934,1291.392567145534,276.0311680199875,1214.6405371642725,300.0161773891318,1154.6780137414116,316.80568394753277,480.69925046845714,316.80568394753277,528.6692692067456,446.3247345409118,576.6392879450343,559.0542785758901,492.6917551530293,57.7675827607743,531.0677701436603,117.73010618363514,557.451280449719,208.87314178638348
labeled-data,1641420386-left,img081.png,1360.9490943160524,484.7007495315428,1377.7386008744536,535.0692692067457,1334.565584009994,434.33222985633984,1312.979075577764,499.09175515302934,1260.2120549656465,228.06114928169882,1257.8135540287321,290.42217364147405,1255.4150530918178,355.18169893816366,485.496252342286,319.20418488444716,526.2707682698313,446.3247345409118,588.6317926296065,561.4527795128045,495.0902560899437,57.7675827607743,531.0677701436603,117.73010618363514,557.451280449719,211.27164272329787
labeled-data,1641420386-left,img093.png,1360.9490943160524,484.7007495315428,1380.137101811368,537.4677701436602,1339.3625858838227,431.9337289194252,1310.5805746408496,499.09175515302934,1550.4306683322925,247.24915677701438,1545.6336664584635,331.1966895690193,1528.8441599000626,410.3472204871955,471.10524672079947,316.80568394753277,528.6692692067456,446.3247345409118,591.0302935665209,561.4527795128045,487.8947532792004,57.7675827607743,531.0677701436603,115.33160524672076,555.0527795128044,206.4746408494691
labeled-data,1641420386-left,img117.png,1360.9490943160524,482.3022485946283,1380.137101811368,537.4677701436602,1332.1670830730793,436.7307307932542,1320.1745783885071,501.4902560899437,1037.1514678326046,268.8356652092441,1039.549968769519,338.3921923797625,1041.9484697064336,417.54272329793866,475.90224859462825,319.20418488444716,528.6692692067456,434.33222985633984,579.0377888819487,561.4527795128045,492.6917551530293,57.7675827607743,528.6692692067456,115.33160524672076,557.451280449719,206.4746408494691
labeled-data,1641420386-left,img124.png,1356.1520924422236,484.7007495315428,1375.3400999375392,530.272267332917,1336.9640849469083,434.33222985633984,1310.5805746408496,496.69325421611495,967.5949406620862,280.82816989381627,967.5949406620862,350.38469706433466,972.391942535915,427.13672704559644,471.10524672079947,319.20418488444716,521.4737663960025,443.9262336039974,591.0302935665209,559.0542785758901,490.2932542161149,55.369081823859915,526.2707682698313,112.93310430980637,552.65427857589,204.07613991255448
labeled-data,1641420386-left,img137.png,1360.9490943160524,484.7007495315428,1377.7386008744536,530.272267332917,1336.9640849469083,431.9337289194252,1310.5805746408496,501.4902560899437,996.3769519050593,304.8131792629606,967.5949406620862,340.7906933166771,948.4069331667708,388.76071205496555,466.3082448469706,319.20418488444716,516.6767645221735,441.527732667083,588.6317926296065,561.4527795128045,492.6917551530293,55.369081823859915,528.6692692067456,115.33160524672076,555.0527795128044,206.4746408494691
labeled-data,1641420386-left,img151.png,1360.9490943160524,482.3022485946283,1372.9415990006246,532.6707682698313,1336.9640849469083,431.9337289194252,1310.5805746408496,501.4902560899437,1027.557464084947,316.80568394753277,948.4069331667708,321.60268582136155,886.0459088069956,319.20418488444716,468.70674578388497,319.20418488444716,531.0677701436603,448.7232354778264,591.0302935665209,561.4527795128045,487.8947532792004,52.97058088694553,531.0677701436603,120.12860712054953,555.0527795128044,208.87314178638348
labeled-data,1641420386-left,img166.png,1356.1520924422236,482.3022485946283,1377.7386008744536,535.0692692067457,1327.3700811992505,431.9337289194252,1312.979075577764,499.09175515302934,1041.9484697064336,223.26414740787004,1044.346970643348,268.8356652092441,1049.1439725171767,319.20418488444716,466.3082448469706,319.20418488444716,521.4737663960025,431.9337289194252,586.2332916926921,559.0542785758901,495.0902560899437,57.7675827607743,528.6692692067456,117.73010618363514,557.451280449719,206.4746408494691
labeled-data,1641420386-left,img171.png,1356.1520924422236,482.3022485946283,1377.7386008744536,537.4677701436602,1334.565584009994,431.9337289194252,1308.1820737039352,496.69325421611495,1034.7529668956902,84.15109306683303,1087.5199875078076,136.91811367895048,1145.0840099937539,184.88813241723915,468.70674578388497,316.80568394753277,519.0752654590881,439.1292317301686,588.6317926296065,563.851280449719,490.2932542161149,55.369081823859915,531.0677701436603,120.12860712054953,557.451280449719,208.87314178638348
labeled-data,1641420386-left,img179.png,1358.550593379138,484.7007495315428,1380.137101811368,535.0692692067457,1334.565584009994,429.53522798251083,1310.5805746408496,501.4902560899437,1010.7679575265458,31.38407245471558,1097.1139912554654,38.57957526545897,1171.4675202998126,52.97058088694553,461.5112429731417,316.80568394753277,521.4737663960025,441.527732667083,583.8347907557777,561.4527795128045,492.6917551530293,55.369081823859915,533.4662710805746,122.52710805746392,555.0527795128044,206.4746408494691
labeled-data,1641420386-left,img188.png,1358.550593379138,487.09925046845717,1375.3400999375392,532.6707682698313,1334.565584009994,431.9337289194252,1308.1820737039352,496.69325421611495,1164.2720174890694,124.92560899437831,1171.4675202998126,194.48213616489693,1188.2570268582137,268.8356652092441,466.3082448469706,314.4071830106184,531.0677701436603,446.3247345409118,593.4287945034353,561.4527795128045,,,,,,
labeled-data,1641420386-left,img210.png,1360.9490943160524,484.7007495315428,1380.137101811368,532.6707682698313,1334.565584009994,431.9337289194252,1308.1820737039352,499.09175515302934,1185.8585259212991,91.34659587757642,1169.0690193628982,163.3016239850092,1157.076514678326,235.2566520924422,480.69925046845714,316.80568394753277,533.4662710805746,446.3247345409118,588.6317926296065,561.4527795128045,492.6917551530293,52.97058088694553,521.4737663960025,112.93310430980637,555.0527795128044,206.4746408494691
labeled-data,1641420386-left,img211.png,1358.550593379138,487.09925046845717,1377.7386008744536,535.0692692067457,1334.565584009994,429.53522798251083,1312.979075577764,506.2872579637726,1181.0615240474704,122.52710805746392,1166.6705184259838,204.07613991255448,1149.8810118675829,266.4371642723297,487.8947532792004,316.80568394753277,533.4662710805746,434.33222985633984,598.2257963772643,561.4527795128045,492.6917551530293,57.7675827607743,531.0677701436603,120.12860712054953,555.0527795128044,204.07613991255448
labeled-data,1641420386-left,img216.png,1356.1520924422236,484.7007495315428,1375.3400999375392,535.0692692067457,1332.1670830730793,436.7307307932542,1312.979075577764,501.4902560899437,1159.4750156152404,204.07613991255448,1152.2795128044972,244.85065584009976,1140.287008119925,278.4296689569019,485.496252342286,316.80568394753277,538.2632729544034,431.9337289194252,593.4287945034353,563.851280449719,490.2932542161149,60.16608369768892,526.2707682698313,112.93310430980637,557.451280449719,211.27164272329787
labeled-data,1641420386-left,img230.png,1353.7535915053093,482.3022485946283,1377.7386008744536,535.0692692067457,1334.565584009994,434.33222985633984,1312.979075577764,506.2872579637726,1082.7229856339789,144.11361648969387,1113.9034978138664,199.2791380387257,1145.0840099937539,259.2416614615863,480.69925046845714,314.4071830106184,528.6692692067456,434.33222985633984,588.6317926296065,559.0542785758901,495.0902560899437,52.97058088694553,523.8722673329169,110.53460337289175,555.0527795128044,206.4746408494691
labeled-data,1641420386-left,img241.png,1360.9490943160524,482.3022485946283,1380.137101811368,537.4677701436602,1332.1670830730793,431.9337289194252,1312.979075577764,501.4902560899437,1236.2270455965022,134.5196127420361,1207.445034353529,213.67014366021226,1181.0615240474704,276.0311680199875,487.8947532792004,314.4071830106184,533.4662710805746,439.1292317301686,591.0302935665209,561.4527795128045,,,,,,
labeled-data,1641420386-left,img242.png,1356.1520924422236,484.7007495315428,1375.3400999375392,530.272267332917,1336.9640849469083,431.9337289194252,1312.979075577764,499.09175515302934,1265.0090568394753,134.5196127420361,1236.2270455965022,213.67014366021226,1209.8435352904435,280.82816989381627,485.496252342286,316.80568394753277,538.2632729544034,446.3247345409118,593.4287945034353,561.4527795128045,492.6917551530293,50.57207995003114,531.0677701436603,117.73010618363514,555.0527795128044,204.07613991255448
labeled-data,1641420386-left,img255.png,1360.9490943160524,482.3022485946283,1375.3400999375392,535.0692692067457,1329.768582136165,431.9337289194252,1315.3775765146784,503.88875702685823,1442.4981261711432,148.91061836352264,1437.7011242973142,223.26414740787004,1416.1146158650845,309.6101811367894,461.5112429731417,314.4071830106184,514.2782635852591,436.7307307932542,579.0377888819487,561.4527795128045,492.6917551530293,55.369081823859915,533.4662710805746,117.73010618363514,557.451280449719,211.27164272329787
labeled-data,1641420386-left,img261.png,1358.550593379138,482.3022485946283,1377.7386008744536,537.4677701436602,1332.1670830730793,431.9337289194252,1312.979075577764,499.09175515302934,1380.137101811368,177.69262960649576,1387.3326046221111,228.06114928169882,1392.1296064959402,283.22667083073065,463.9097439100562,319.20418488444716,519.0752654590881,441.527732667083,591.0302935665209,559.0542785758901,492.6917551530293,52.97058088694553,528.6692692067456,115.33160524672076,555.0527795128044,208.87314178638348
labeled-data,1641420386-left,img264.png,1360.9490943160524,482.3022485946283,1377.7386008744536,535.0692692067457,1332.1670830730793,431.9337289194252,1317.7760774515928,496.69325421611495,1339.3625858838227,172.89562773266698,1346.5580886945659,223.26414740787004,1348.9565896314805,283.22667083073065,478.30074953154275,316.80568394753277,540.6617738913178,439.1292317301686,603.022798251093,561.4527795128045,492.6917551530293,57.7675827607743,528.6692692067456,115.33160524672076,559.8497813866334,213.67014366021226
labeled-data,1641420386-left,img268.png,1356.1520924422236,487.09925046845717,1372.9415990006246,535.0692692067457,1332.1670830730793,431.9337289194252,1312.979075577764,499.09175515302934,1288.9940662086196,158.50462211118042,1291.392567145534,213.67014366021226,1296.189569019363,283.22667083073065,478.30074953154275,319.20418488444716,526.2707682698313,436.7307307932542,593.4287945034353,563.851280449719,495.0902560899437,50.57207995003114,531.0677701436603,115.33160524672076,555.0527795128044,208.87314178638348
labeled-data,1641420386-left,img271.png,1358.550593379138,484.7007495315428,1372.9415990006246,535.0692692067457,1332.1670830730793,431.9337289194252,1310.5805746408496,499.09175515302934,1262.610555902561,151.30911930043703,1265.0090568394753,199.2791380387257,1267.4075577763897,259.2416614615863,473.50374765771386,319.20418488444716,523.8722673329169,441.527732667083,588.6317926296065,556.6557776389757,495.0902560899437,55.369081823859915,531.0677701436603,117.73010618363514,555.0527795128044,204.07613991255448
labeled-data,1641420386-left,img273.png,1356.1520924422236,484.7007495315428,1375.3400999375392,530.272267332917,1332.1670830730793,434.33222985633984,1312.979075577764,499.09175515302934,1250.6180512179888,144.11361648969387,1253.0165521549031,187.28663335415354,1257.8135540287321,254.44465958775754,478.30074953154275,316.80568394753277,528.6692692067456,441.527732667083,586.2332916926921,561.4527795128045,490.2932542161149,55.369081823859915,528.6692692067456,112.93310430980637,557.451280449719,208.87314178638348
labeled-data,1641420386-left,img290.png,1358.550593379138,484.7007495315428,1375.3400999375392,535.0692692067457,1332.1670830730793,429.53522798251083,1315.3775765146784,501.4902560899437,1229.031542785759,232.85815115552782,1224.23454091193,271.2341661461585,1221.8360399750156,309.6101811367894,471.10524672079947,316.80568394753277,538.2632729544034,443.9262336039974,595.8272954403496,561.4527795128045,490.2932542161149,55.369081823859915,531.0677701436603,117.73010618363514,555.0527795128044,201.6776389756401
labeled-data,1641420386-left,img300.png,1356.1520924422236,482.3022485946283,1375.3400999375392,535.0692692067457,1334.565584009994,429.53522798251083,1315.3775765146784,496.69325421611495,1229.031542785759,244.85065584009976,1229.031542785759,276.0311680199875,1229.031542785759,314.4071830106184,480.69925046845714,314.4071830106184,523.8722673329169,424.73822610868206,583.8347907557777,559.0542785758901,492.6917551530293,50.57207995003114,526.2707682698313,112.93310430980637,555.0527795128044,206.4746408494691
labeled-data,1641420386-left,img316.png,1358.550593379138,484.7007495315428,1380.137101811368,535.0692692067457,1334.565584009994,431.9337289194252,1315.3775765146784,499.09175515302934,1248.2195502810744,160.9031230480948,1243.4225484072456,220.86564647095565,1241.0240474703312,264.0386633354153,490.2932542161149,309.6101811367894,540.6617738913178,436.7307307932542,586.2332916926921,559.0542785758901,490.2932542161149,55.369081823859915,526.2707682698313,115.33160524672076,555.0527795128044,201.6776389756401
labeled-data,1641420386-left,img317.png,1360.9490943160524,482.3022485946283,1377.7386008744536,535.0692692067457,1334.565584009994,431.9337289194252,1312.979075577764,496.69325421611495,1253.0165521549031,148.91061836352264,1253.0165521549031,218.46714553404104,1250.6180512179888,254.44465958775754,466.3082448469706,312.00868207370377,535.864772017489,431.9337289194252,591.0302935665209,561.4527795128045,492.6917551530293,52.97058088694553,526.2707682698313,112.93310430980637,552.65427857589,201.6776389756401
labeled-data,1641420386-left,img331.png,1358.550593379138,482.3022485946283,1377.7386008744536,535.0692692067457,1332.1670830730793,431.9337289194252,1312.979075577764,499.09175515302934,1106.707995003123,261.64016239850093,1116.3019987507807,316.80568394753277,1128.294503435353,379.1667083073078,471.10524672079947,321.60268582136155,523.8722673329169,446.3247345409118,586.2332916926921,561.4527795128045,490.2932542161149,57.7675827607743,528.6692692067456,117.73010618363514,555.0527795128044,201.6776389756401
labeled-data,1641420386-left,img338.png,1363.347595252967,484.7007495315428,1375.3400999375392,537.4677701436602,1334.565584009994,436.7307307932542,1317.7760774515928,499.09175515302934,1039.549968769519,417.54272329793866,1049.1439725171767,460.71574016239856,1058.7379762648345,518.2797626483448,475.90224859462825,319.20418488444716,523.8722673329169,434.33222985633984,591.0302935665209,561.4527795128045,490.2932542161149,52.97058088694553,526.2707682698313,115.33160524672076,555.0527795128044,201.6776389756401
labeled-data,1641420386-left,img345.png,1363.347595252967,484.7007495315428,1382.5356027482824,532.6707682698313,1334.565584009994,429.53522798251083,1310.5805746408496,501.4902560899437,1046.7454715802623,477.5052467207995,1046.7454715802623,523.0767645221736,1058.7379762648345,556.6557776389757,480.69925046845714,316.80568394753277,526.2707682698313,441.527732667083,593.4287945034353,561.4527795128045,490.2932542161149,52.97058088694553,533.4662710805746,115.33160524672076,557.451280449719,204.07613991255448
labeled-data,1641420386-left,img360.png,1363.347595252967,482.3022485946283,1380.137101811368,530.272267332917,1336.9640849469083,431.9337289194252,1312.979075577764,499.09175515302934,1061.136477201749,518.2797626483448,1061.136477201749,549.4602748282323,1068.3319800124923,587.8362898188632,485.496252342286,314.4071830106184,535.864772017489,427.13672704559644,600.6242973141786,559.0542785758901,495.0902560899437,57.7675827607743,531.0677701436603,117.73010618363514,552.65427857589,199.2791380387257
labeled-data,1641420386-left,img366.png,1353.7535915053093,482.3022485946283,1377.7386008744536,532.6707682698313,1334.565584009994,429.53522798251083,1308.1820737039352,499.09175515302934,1061.136477201749,520.6782635852592,1063.5349781386633,554.2572767020612,1065.9334790755777,583.0392879450343,480.69925046845714,314.4071830106184,523.8722673329169,422.33972517176767,603.022798251093,561.4527795128045,492.6917551530293,55.369081823859915,528.6692692067456,112.93310430980637,555.0527795128044,204.07613991255448
labeled-data,1641420386-left,img370.png,1356.1520924422236,484.7007495315428,1375.3400999375392,535.0692692067457,1327.3700811992505,439.1292317301686,1317.7760774515928,501.4902560899437,1061.136477201749,518.2797626483448,1061.136477201749,551.8587757651468,1063.5349781386633,587.8362898188632,468.70674578388497,316.80568394753277,533.4662710805746,429.53522798251083,603.022798251093,561.4527795128045,495.0902560899437,57.7675827607743,528.6692692067456,115.33160524672076,552.65427857589,199.2791380387257
labeled-data,1641420386-left,img379.png,,,1372.9415990006246,537.4677701436602,1372.9415990006246,537.4677701436602,,,1058.7379762648345,520.6782635852592,1061.136477201749,549.4602748282323,1065.9334790755777,590.2347907557777,473.50374765771386,316.80568394753277,519.0752654590881,431.9337289194252,579.0377888819487,561.4527795128045,495.0902560899437,52.97058088694553,531.0677701436603,115.33160524672076,557.451280449719,211.27164272329787
labeled-data,1641420386-left,img386.png,1365.7460961898814,379.1667083073078,1387.3326046221111,429.53522798251083,1336.9640849469083,431.9337289194252,1312.979075577764,501.4902560899437,1063.5349781386633,518.2797626483448,1063.5349781386633,551.8587757651468,1065.9334790755777,590.2347907557777,483.0977514053715,314.4071830106184,538.2632729544034,436.7307307932542,595.8272954403496,561.4527795128045,495.0902560899437,57.7675827607743,528.6692692067456,115.33160524672076,557.451280449719,204.07613991255448
labeled-data,1641420386-left,img388.png,1368.1445971267958,297.6176764522172,1380.137101811368,345.5876951905059,1339.3625858838227,431.9337289194252,1317.7760774515928,503.88875702685823,1061.136477201749,518.2797626483448,1065.9334790755777,556.6557776389757,1070.7304809494067,590.2347907557777,487.8947532792004,314.4071830106184,547.8572767020612,441.527732667083,595.8272954403496,561.4527795128045,490.2932542161149,52.97058088694553,531.0677701436603,117.73010618363514,557.451280449719,208.87314178638348
labeled-data,1641420386-left,img391.png,1360.9490943160524,211.27164272329787,1380.137101811368,264.0386633354153,1339.3625858838227,434.33222985633984,1310.5805746408496,506.2872579637726,1061.136477201749,518.2797626483448,1061.136477201749,551.8587757651468,1061.136477201749,587.8362898188632,483.0977514053715,314.4071830106184,528.6692692067456,446.3247345409118,588.6317926296065,563.851280449719,492.6917551530293,52.97058088694553,526.2707682698313,110.53460337289175,555.0527795128044,211.27164272329787
labeled-data,1641420386-left,img400.png,1329.768582136165,76.95559025608986,1334.565584009994,148.91061836352264,1336.9640849469083,429.53522798251083,1312.979075577764,496.69325421611495,1063.5349781386633,518.2797626483448,1065.9334790755777,551.8587757651468,1065.9334790755777,585.4377888819488,468.70674578388497,316.80568394753277,516.6767645221735,436.7307307932542,593.4287945034353,561.4527795128045,495.0902560899437,52.97058088694553,528.6692692067456,112.93310430980637,552.65427857589,206.4746408494691
labeled-data,1641420386-left,img402.png,1327.3700811992505,72.15858838226086,1324.9715802623361,148.91061836352264,1341.761086820737,431.9337289194252,1312.979075577764,501.4902560899437,1063.5349781386633,515.8812617114303,1068.3319800124923,549.4602748282323,1065.9334790755777,587.8362898188632,478.30074953154275,314.4071830106184,526.2707682698313,439.1292317301686,595.8272954403496,561.4527795128045,495.0902560899437,52.97058088694553,531.0677701436603,115.33160524672076,555.0527795128044,204.07613991255448
labeled-data,1641420386-left,img410.png,1188.2570268582137,237.6551530293566,1188.2570268582137,324.00118675827594,1336.9640849469083,429.53522798251083,1317.7760774515928,501.4902560899437,1058.7379762648345,520.6782635852592,1061.136477201749,556.6557776389757,1061.136477201749,587.8362898188632,480.69925046845714,314.4071830106184,528.6692692067456,431.9337289194252,603.022798251093,561.4527795128045,495.0902560899437,52.97058088694553,531.0677701436603,115.33160524672076,557.451280449719,206.4746408494691
labeled-data,1641420386-left,img415.png,1017.9634603372892,359.97870081199244,1041.9484697064336,429.53522798251083,1339.3625858838227,431.9337289194252,1315.3775765146784,501.4902560899437,1058.7379762648345,518.2797626483448,1061.136477201749,554.2572767020612,1061.136477201749,590.2347907557777,478.30074953154275,316.80568394753277,521.4737663960025,419.9412242348533,588.6317926296065,559.0542785758901,495.0902560899437,57.7675827607743,528.6692692067456,112.93310430980637,555.0527795128044,211.27164272329787
labeled-data,1641420386-left,img418.png,948.4069331667708,388.76071205496555,965.1964397251718,453.52023735165517,1334.565584009994,431.9337289194252,1320.1745783885071,506.2872579637726,1058.7379762648345,518.2797626483448,1061.136477201749,551.8587757651468,1063.5349781386633,587.8362898188632,471.10524672079947,314.4071830106184,521.4737663960025,439.1292317301686,586.2332916926921,559.0542785758901,495.0902560899437,57.7675827607743,531.0677701436603,117.73010618363514,555.0527795128044,206.4746408494691
labeled-data,1641420386-left,img427.png,902.8354153653966,307.211680199875,922.0234228607121,369.5727045596502,1339.3625858838227,429.53522798251083,1312.979075577764,494.29475327920045,1058.7379762648345,518.2797626483448,1061.136477201749,554.2572767020612,1061.136477201749,587.8362898188632,473.50374765771386,316.80568394753277,531.0677701436603,439.1292317301686,600.6242973141786,561.4527795128045,495.0902560899437,62.56458463460331,531.0677701436603,117.73010618363514,557.451280449719,208.87314178638348
labeled-data,1641420386-left,img433.png,902.8354153653966,218.46714553404104,917.2264209868831,276.0311680199875,1336.9640849469083,431.9337289194252,1310.5805746408496,499.09175515302934,1058.7379762648345,518.2797626483448,1058.7379762648345,554.2572767020612,1058.7379762648345,590.2347907557777,466.3082448469706,316.80568394753277,514.2782635852591,436.7307307932542,581.4362898188631,559.0542785758901,490.2932542161149,52.97058088694553,528.6692692067456,112.93310430980637,555.0527795128044,206.4746408494691
labeled-data,1641420386-left,img443.png,986.7829481574015,194.48213616489693,1003.5724547158027,240.05365396627099,1339.3625858838227,431.9337289194252,1308.1820737039352,496.69325421611495,1058.7379762648345,518.2797626483448,1061.136477201749,547.0617738913179,1063.5349781386633,587.8362898188632,468.70674578388497,314.4071830106184,523.8722673329169,436.7307307932542,588.6317926296065,561.4527795128045,492.6917551530293,55.369081823859915,528.6692692067456,110.53460337289175,555.0527795128044,206.4746408494691
labeled-data,1641420386-left,img458.png,,,1288.9940662086196,189.68513429106793,1339.3625858838227,429.53522798251083,1317.7760774515928,501.4902560899437,1061.136477201749,520.6782635852592,1061.136477201749,556.6557776389757,1063.5349781386633,587.8362898188632,468.70674578388497,314.4071830106184,519.0752654590881,441.527732667083,586.2332916926921,559.0542785758901,495.0902560899437,52.97058088694553,526.2707682698313,110.53460337289175,557.451280449719,206.4746408494691
labeled-data,1641420386-left,img464.png,1363.347595252967,139.31661461586486,1341.761086820737,177.69262960649576,1336.9640849469083,431.9337289194252,1312.979075577764,499.09175515302934,1058.7379762648345,515.8812617114303,1061.136477201749,551.8587757651468,1065.9334790755777,587.8362898188632,480.69925046845714,314.4071830106184,531.0677701436603,443.9262336039974,583.8347907557777,561.4527795128045,490.2932542161149,52.97058088694553,531.0677701436603,117.73010618363514,557.451280449719,204.07613991255448
labeled-data,1641420386-left,img470.png,1380.137101811368,184.88813241723915,1351.3550905683949,228.06114928169882,1334.565584009994,427.13672704559644,1315.3775765146784,503.88875702685823,1058.7379762648345,518.2797626483448,1061.136477201749,551.8587757651468,1065.9334790755777,590.2347907557777,468.70674578388497,316.80568394753277,516.6767645221735,427.13672704559644,583.8347907557777,559.0542785758901,492.6917551530293,52.97058088694553,528.6692692067456,112.93310430980637,559.8497813866334,208.87314178638348
labeled-data,1641420386-left,img483.png,1485.6711430356029,302.4146783260462,1478.4756402248595,383.9637101811368,1334.565584009994,429.53522798251083,1317.7760774515928,503.88875702685823,1058.7379762648345,515.8812617114303,1061.136477201749,554.2572767020612,1063.5349781386633,592.6332916926921,478.30074953154275,314.4071830106184,538.2632729544034,434.33222985633984,600.6242973141786,561.4527795128045,492.6917551530293,52.97058088694553,533.4662710805746,117.73010618363514,555.0527795128044,206.4746408494691
labeled-data,1641420386-left,img487.png,1512.0546533416616,335.9936914428481,1502.4606495940038,419.9412242348533,1339.3625858838227,434.33222985633984,1312.979075577764,506.2872579637726,1061.136477201749,520.6782635852592,1063.5349781386633,551.8587757651468,1061.136477201749,590.2347907557777,480.69925046845714,316.80568394753277,531.0677701436603,436.7307307932542,591.0302935665209,561.4527795128045,492.6917551530293,57.7675827607743,531.0677701436603,115.33160524672076,557.451280449719,208.87314178638348
labeled-data,1641420386-left,img495.png,1452.0921299188008,335.9936914428481,1444.8966271080576,424.73822610868206,1336.9640849469083,429.53522798251083,1312.979075577764,503.88875702685823,1058.7379762648345,518.2797626483448,1063.5349781386633,549.4602748282323,1065.9334790755777,590.2347907557777,471.10524672079947,316.80568394753277,521.4737663960025,429.53522798251083,588.6317926296065,559.0542785758901,492.6917551530293,50.57207995003114,528.6692692067456,110.53460337289175,557.451280449719,211.27164272329787
labeled-data,1641420386-left,img505.png,1195.452529668957,364.7757026858212,1205.0465334166147,439.1292317301686,1339.3625858838227,431.9337289194252,1315.3775765146784,501.4902560899437,1061.136477201749,518.2797626483448,1061.136477201749,549.4602748282323,1065.9334790755777,590.2347907557777,478.30074953154275,316.80568394753277,531.0677701436603,434.33222985633984,598.2257963772643,561.4527795128045,492.6917551530293,52.97058088694553,526.2707682698313,112.93310430980637,557.451280449719,206.4746408494691
labeled-data,1641420386-left,img512.png,1094.715490318551,324.00118675827594,1113.9034978138664,379.1667083073078,1336.9640849469083,431.9337289194252,1322.5730793254218,506.2872579637726,1058.7379762648345,518.2797626483448,1061.136477201749,551.8587757651468,1065.9334790755777,587.8362898188632,461.5112429731417,316.80568394753277,521.4737663960025,441.527732667083,598.2257963772643,563.851280449719,492.6917551530293,50.57207995003114,526.2707682698313,112.93310430980637,557.451280449719,208.87314178638348
labeled-data,1641420386-left,img514.png,1061.136477201749,367.17420362273583,1075.5274828232355,417.54272329793866,1336.9640849469083,431.9337289194252,1317.7760774515928,499.09175515302934,1063.5349781386633,518.2797626483448,1063.5349781386633,554.2572767020612,1068.3319800124923,587.8362898188632,473.50374765771386,316.80568394753277,519.0752654590881,424.73822610868206,595.8272954403496,561.4527795128045,492.6917551530293,52.97058088694553,526.2707682698313,115.33160524672076,555.0527795128044,206.4746408494691
labeled-data,1641420386-left,img516.png,1051.5424734540911,400.7532167395377,1056.3394753279201,460.71574016239856,1336.9640849469083,431.9337289194252,1320.1745783885071,508.685758900687,1061.136477201749,518.2797626483448,1068.3319800124923,556.6557776389757,1070.7304809494067,587.8362898188632,459.1127420362273,316.80568394753277,521.4737663960025,443.9262336039974,593.4287945034353,563.851280449719,492.6917551530293,52.97058088694553,526.2707682698313,110.53460337289175,555.0527795128044,211.27164272329787
labeled-data,1641420386-left,img529.png,1051.5424734540911,530.272267332917,1080.3244846970642,573.4452841973766,1339.3625858838227,429.53522798251083,1320.1745783885071,503.88875702685823,1061.136477201749,520.6782635852592,1063.5349781386633,551.8587757651468,1063.5349781386633,587.8362898188632,466.3082448469706,314.4071830106184,526.2707682698313,431.9337289194252,586.2332916926921,561.4527795128045,492.6917551530293,52.97058088694553,533.4662710805746,120.12860712054953,557.451280449719,201.6776389756401
labeled-data,1641420386-left,img535.png,1051.5424734540911,532.6707682698313,1087.5199875078076,573.4452841973766,1336.9640849469083,431.9337289194252,1317.7760774515928,501.4902560899437,1058.7379762648345,518.2797626483448,1061.136477201749,556.6557776389757,1063.5349781386633,590.2347907557777,480.69925046845714,316.80568394753277,521.4737663960025,422.33972517176767,598.2257963772643,561.4527795128045,497.4887570268582,57.7675827607743,528.6692692067456,120.12860712054953,555.0527795128044,206.4746408494691
labeled-data,1641420386-left,img542.png,1075.5274828232355,501.4902560899437,1087.5199875078076,544.6632729544035,1339.3625858838227,429.53522798251083,1320.1745783885071,503.88875702685823,1070.7304809494067,484.7007495315428,1065.9334790755777,525.4752654590881,1063.5349781386633,559.0542785758901,480.69925046845714,314.4071830106184,528.6692692067456,431.9337289194252,595.8272954403496,559.0542785758901,490.2932542161149,55.369081823859915,528.6692692067456,110.53460337289175,557.451280449719,199.2791380387257
labeled-data,1641420386-left,img546.png,1077.9259837601498,419.9412242348533,1106.707995003123,470.3097439100561,1341.761086820737,429.53522798251083,1315.3775765146784,506.2872579637726,1085.1214865708932,398.35471580262333,1082.7229856339789,443.9262336039974,1080.3244846970642,479.9037476577139,475.90224859462825,314.4071830106184,531.0677701436603,441.527732667083,591.0302935665209,559.0542785758901,492.6917551530293,55.369081823859915,533.4662710805746,120.12860712054953,555.0527795128044,201.6776389756401
labeled-data,1641420386-left,img560.png,1425.708619612742,230.4596502186132,1432.9041224234854,290.42217364147405,1336.9640849469083,431.9337289194252,1315.3775765146784,501.4902560899437,1435.3026233603998,170.4971267957526,1437.7011242973142,220.86564647095565,1430.505621486571,309.6101811367894,471.10524672079947,316.80568394753277,528.6692692067456,431.9337289194252,600.6242973141786,561.4527795128045,490.2932542161149,55.369081823859915,528.6692692067456,112.93310430980637,555.0527795128044,208.87314178638348
labeled-data,1641420386-left,img568.png,1351.3550905683949,254.44465958775754,1368.1445971267958,309.6101811367894,1336.9640849469083,434.33222985633984,1317.7760774515928,506.2872579637726,1368.1445971267958,100.9405996252342,1358.550593379138,196.88063710181132,1353.7535915053093,321.60268582136155,459.1127420362273,316.80568394753277,519.0752654590881,443.9262336039974,591.0302935665209,561.4527795128045,490.2932542161149,57.7675827607743,528.6692692067456,112.93310430980637,557.451280449719,206.4746408494691
labeled-data,1641420386-left,img572.png,1207.445034353529,273.6326670830731,1229.031542785759,333.5951905059337,1336.9640849469083,434.33222985633984,1315.3775765146784,503.88875702685823,1224.23454091193,127.32410993129292,1229.031542785759,228.06114928169882,1229.031542785759,343.1891942535915,466.3082448469706,314.4071830106184,526.2707682698313,436.7307307932542,588.6317926296065,561.4527795128045,492.6917551530293,55.369081823859915,528.6692692067456,110.53460337289175,557.451280449719,204.07613991255448
labeled-data,1641420386-left,img580.png,1022.760462211118,331.1966895690193,1046.7454715802623,391.15921299187994,1334.565584009994,431.9337289194252,1317.7760774515928,506.2872579637726,1013.1664584634602,266.4371642723297,1015.5649594003748,326.39968769519055,1020.3619612742036,403.1517176764521,463.9097439100562,316.80568394753277,511.87976264834475,429.53522798251083,586.2332916926921,561.4527795128045,492.6917551530293,55.369081823859915,528.6692692067456,115.33160524672076,557.451280449719,213.67014366021226
labeled-data,1641420386-left,img596.png,1140.287008119925,220.86564647095565,1135.4900062460963,259.2416614615863,1334.565584009994,431.9337289194252,1320.1745783885071,508.685758900687,1118.7004996876951,175.29412866958137,1125.8960024984385,220.86564647095565,1128.294503435353,268.8356652092441,471.10524672079947,319.20418488444716,514.2782635852591,424.73822610868206,595.8272954403496,561.4527795128045,497.4887570268582,60.16608369768892,528.6692692067456,115.33160524672076,552.65427857589,201.6776389756401
labeled-data,1641420386-left,img603.png,1176.2645221736416,218.46714553404104,1173.866021236727,256.84316052467193,1336.9640849469083,431.9337289194252,1317.7760774515928,499.09175515302934,1164.2720174890694,180.09113054341037,1169.0690193628982,218.46714553404104,1173.866021236727,261.64016239850093,468.70674578388497,316.80568394753277,521.4737663960025,436.7307307932542,595.8272954403496,561.4527795128045,490.2932542161149,57.7675827607743,528.6692692067456,112.93310430980637,559.8497813866334,208.87314178638348
labeled-data,1641420386-left,img608.png,1178.663023110556,240.05365396627099,1190.6555277951281,271.2341661461585,1334.565584009994,431.9337289194252,1317.7760774515928,503.88875702685823,1173.866021236727,199.2791380387257,1173.866021236727,249.64765771392877,1176.2645221736416,283.22667083073065,466.3082448469706,314.4071830106184,526.2707682698313,448.7232354778264,593.4287945034353,561.4527795128045,495.0902560899437,57.7675827607743,528.6692692067456,117.73010618363514,557.451280449719,208.87314178638348
labeled-data,1641420386-left,img632.png,1185.8585259212991,252.04615865084315,1207.445034353529,285.62517176764504,1339.3625858838227,434.33222985633984,1322.5730793254218,506.2872579637726,1193.0540287320425,220.86564647095565,1195.452529668957,254.44465958775754,1193.0540287320425,297.6176764522172,480.69925046845714,312.00868207370377,531.0677701436603,427.13672704559644,600.6242973141786,559.0542785758901,492.6917551530293,52.97058088694553,531.0677701436603,110.53460337289175,559.8497813866334,208.87314178638348
labeled-data,1641420386-left,img639.png,1214.6405371642725,259.2416614615863,1214.6405371642725,297.6176764522172,1339.3625858838227,431.9337289194252,1315.3775765146784,494.29475327920045,1212.2420362273579,235.2566520924422,1209.8435352904435,271.2341661461585,1209.8435352904435,307.211680199875,473.50374765771386,316.80568394753277,528.6692692067456,431.9337289194252,593.4287945034353,561.4527795128045,490.2932542161149,52.97058088694553,533.4662710805746,112.93310430980637,557.451280449719,206.4746408494691
labeled-data,1641420386-left,img642.png,1257.8135540287321,247.24915677701438,1265.0090568394753,280.82816989381627,1336.9640849469083,429.53522798251083,1317.7760774515928,501.4902560899437,1253.0165521549031,218.46714553404104,1250.6180512179888,259.2416614615863,1250.6180512179888,297.6176764522172,485.496252342286,312.00868207370377,543.0602748282322,441.527732667083,595.8272954403496,559.0542785758901,492.6917551530293,50.57207995003114,526.2707682698313,110.53460337289175,557.451280449719,201.6776389756401
labeled-data,1641420386-left,img644.png,1327.3700811992505,223.26414740787004,1351.3550905683949,254.44465958775754,1334.565584009994,434.33222985633984,1317.7760774515928,496.69325421611495,1329.768582136165,184.88813241723915,1334.565584009994,228.06114928169882,1334.565584009994,271.2341661461585,478.30074953154275,314.4071830106184,523.8722673329169,424.73822610868206,586.2332916926921,561.4527795128045,495.0902560899437,57.7675827607743,526.2707682698313,112.93310430980637,557.451280449719,208.87314178638348
labeled-data,1641420386-left,img646.png,1394.5281074328545,216.06864459712665,1404.1221111805123,249.64765771392877,1334.565584009994,429.53522798251083,1320.1745783885071,496.69325421611495,1392.1296064959402,165.7001249219236,1394.5281074328545,204.07613991255448,1396.926608369769,259.2416614615863,485.496252342286,314.4071830106184,540.6617738913178,441.527732667083,598.2257963772643,561.4527795128045,490.2932542161149,60.16608369768892,533.4662710805746,115.33160524672076,555.0527795128044,201.6776389756401
labeled-data,1641420386-left,img647.png,1418.5131168019989,206.4746408494691,1432.9041224234854,249.64765771392877,1339.3625858838227,429.53522798251083,1317.7760774515928,501.4902560899437,1413.7161149281699,158.50462211118042,1420.9116177389133,196.88063710181132,1425.708619612742,259.2416614615863,478.30074953154275,316.80568394753277,543.0602748282322,439.1292317301686,591.0302935665209,559.0542785758901,495.0902560899437,60.16608369768892,531.0677701436603,112.93310430980637,559.8497813866334,208.87314178638348
labeled-data,1641420386-left,img653.png,1528.8441599000626,213.67014366021226,1528.8441599000626,259.2416614615863,1336.9640849469083,434.33222985633984,1315.3775765146784,496.69325421611495,1536.039662710806,139.31661461586486,1538.4381636477203,201.6776389756401,1536.039662710806,273.6326670830731,471.10524672079947,314.4071830106184,531.0677701436603,453.52023735165517,588.6317926296065,559.0542785758901,492.6917551530293,55.369081823859915,526.2707682698313,115.33160524672076,555.0527795128044,206.4746408494691
labeled-data,1641420386-left,img662.png,1344.1595877576515,347.98619612742027,1346.5580886945659,400.7532167395377,1339.3625858838227,434.33222985633984,1322.5730793254218,496.69325421611495,1336.9640849469083,285.62517176764504,1329.768582136165,340.7906933166771,1334.565584009994,417.54272329793866,483.0977514053715,314.4071830106184,538.2632729544034,443.9262336039974,603.022798251093,561.4527795128045,492.6917551530293,60.16608369768892,523.8722673329169,110.53460337289175,557.451280449719,206.4746408494691
labeled-data,1641420386-left,img676.png,1106.707995003123,479.9037476577139,1133.0915053091817,527.8737663960025,1339.3625858838227,431.9337289194252,1317.7760774515928,503.88875702685823,1109.1064959400376,448.7232354778264,1106.707995003123,503.88875702685823,1111.504996876952,539.8662710805746,466.3082448469706,312.00868207370377,521.4737663960025,427.13672704559644,583.8347907557777,561.4527795128045,492.6917551530293,57.7675827607743,531.0677701436603,115.33160524672076,557.451280449719,206.4746408494691
labeled-data,1641420386-left,img677.png,1106.707995003123,482.3022485946283,1137.8885071830107,525.4752654590881,1339.3625858838227,429.53522798251083,1324.9715802623361,499.09175515302934,1113.9034978138664,451.1217364147408,1113.9034978138664,496.69325421611495,1111.504996876952,542.264772017489,473.50374765771386,316.80568394753277,538.2632729544034,443.9262336039974,591.0302935665209,563.851280449719,492.6917551530293,57.7675827607743,526.2707682698313,112.93310430980637,557.451280449719,204.07613991255448
labeled-data,1641420386-left,img698.png,1099.5124921923798,518.2797626483448,1118.7004996876951,559.0542785758901,1336.9640849469083,434.33222985633984,1315.3775765146784,501.4902560899437,1085.1214865708932,499.09175515302934,1087.5199875078076,535.0692692067457,1092.3169893816364,571.0467832604622,466.3082448469706,319.20418488444716,521.4737663960025,431.9337289194252,588.6317926296065,559.0542785758901,495.0902560899437,57.7675827607743,528.6692692067456,110.53460337289175,555.0527795128044,208.87314178638348
labeled-data,1641420386-left,img702.png,1027.557464084947,530.272267332917,1073.128981886321,578.2422860712055,1339.3625858838227,429.53522798251083,1320.1745783885071,503.88875702685823,1027.557464084947,496.69325421611495,1039.549968769519,547.0617738913179,1051.5424734540911,599.8287945034353,471.10524672079947,314.4071830106184,523.8722673329169,441.527732667083,583.8347907557777,559.0542785758901,495.0902560899437,60.16608369768892,528.6692692067456,115.33160524672076,555.0527795128044,211.27164272329787
labeled-data,1641420386-left,img703.png,1037.1514678326046,544.6632729544035,1063.5349781386633,592.6332916926921,1336.9640849469083,431.9337289194252,1320.1745783885071,506.2872579637726,1015.5649594003748,511.0842598376015,1025.1589631480324,556.6557776389757,1039.549968769519,607.0242973141786,468.70674578388497,316.80568394753277,523.8722673329169,424.73822610868206,586.2332916926921,561.4527795128045,490.2932542161149,55.369081823859915,528.6692692067456,112.93310430980637,559.8497813866334,199.2791380387257
labeled-data,1641420386-left,img706.png,1013.1664584634602,578.2422860712055,1039.549968769519,626.2123048094941,1336.9640849469083,436.7307307932542,1320.1745783885071,501.4902560899437,998.7754528419737,542.264772017489,1003.5724547158027,587.8362898188632,1017.9634603372892,635.8063085571517,463.9097439100562,319.20418488444716,533.4662710805746,451.1217364147408,591.0302935665209,563.851280449719,490.2932542161149,55.369081823859915,528.6692692067456,117.73010618363514,557.451280449719,206.4746408494691
labeled-data,1641420386-left,img707.png,1015.5649594003748,578.2422860712055,1041.9484697064336,623.8138038725797,1339.3625858838227,431.9337289194252,1320.1745783885071,503.88875702685823,1001.1739537788883,554.2572767020612,1003.5724547158027,597.430293566521,1013.1664584634602,638.2048094940662,471.10524672079947,319.20418488444716,533.4662710805746,446.3247345409118,588.6317926296065,561.4527795128045,492.6917551530293,50.57207995003114,528.6692692067456,112.93310430980637,557.451280449719,211.27164272329787
labeled-data,1641420386-left,img715.png,1013.1664584634602,599.8287945034353,1046.7454715802623,647.7988132417239,1336.9640849469083,429.53522798251083,1320.1745783885071,501.4902560899437,1013.1664584634602,580.6407870081199,1017.9634603372892,628.6108057464085,1027.557464084947,662.1898188632105,471.10524672079947,319.20418488444716,526.2707682698313,448.7232354778264,586.2332916926921,561.4527795128045,487.8947532792004,52.97058088694553,531.0677701436603,112.93310430980637,552.65427857589,201.6776389756401
labeled-data,1641420386-left,img718.png,1008.3694565896315,599.8287945034353,1056.3394753279201,638.2048094940662,1341.761086820737,434.33222985633984,1320.1745783885071,499.09175515302934,1022.760462211118,580.6407870081199,1029.9559650218614,621.4153029356652,1039.549968769519,662.1898188632105,466.3082448469706,316.80568394753277,538.2632729544034,441.527732667083,603.022798251093,561.4527795128045,492.6917551530293,60.16608369768892,531.0677701436603,110.53460337289175,552.65427857589,204.07613991255448
labeled-data,1641420386-left,img719.png,1008.3694565896315,607.0242973141786,1049.1439725171767,647.7988132417239,1339.3625858838227,431.9337289194252,1320.1745783885071,506.2872579637726,1020.3619612742036,595.0317926296065,1027.557464084947,633.4078076202373,1032.3544659587758,666.9868207370394,463.9097439100562,314.4071830106184,519.0752654590881,427.13672704559644,591.0302935665209,563.851280449719,492.6917551530293,50.57207995003114,535.864772017489,120.12860712054953,552.65427857589,199.2791380387257
labeled-data,1641420386-left,img736.png,1022.760462211118,614.2198001249219,1049.1439725171767,643.001811367895,1336.9640849469083,434.33222985633984,1315.3775765146784,501.4902560899437,1020.3619612742036,609.422798251093,1022.760462211118,635.8063085571517,1029.9559650218614,669.3853216739537,480.69925046845714,319.20418488444716,538.2632729544034,446.3247345409118,593.4287945034353,559.0542785758901,490.2932542161149,52.97058088694553,523.8722673329169,115.33160524672076,559.8497813866334,208.87314178638348
labeled-data,1641421641-right,img002.png,816.4893816364772,446.3247345409118,859.6623985009369,482.3022485946283,1173.866021236727,436.7307307932542,1159.4750156152404,503.88875702685823,823.6848844472204,427.13672704559644,833.2788881948782,460.71574016239856,840.4743910056216,503.88875702685823,998.7754528419737,115.33160524672076,1010.7679575265458,220.86564647095565,1022.760462211118,328.79818863210494,255.2401623985008,31.38407245471558,288.8191755153028,86.54959400374764,336.78919425359146,180.09113054341037
labeled-data,1641421641-right,img006.png,826.0833853841348,453.52023735165517,859.6623985009369,484.7007495315428,1173.866021236727,439.1292317301686,1157.076514678326,503.88875702685823,823.6848844472204,429.53522798251083,830.8803872579638,465.51274203622734,838.0758900687069,501.4902560899437,993.9784509681449,117.73010618363514,1001.1739537788883,228.06114928169882,1015.5649594003748,331.1966895690193,255.2401623985008,33.782573391630194,291.2176764522173,93.74509681449081,331.99219237976257,184.88813241723915
labeled-data,1641421641-right,img024.png,814.0908806995628,451.1217364147408,859.6623985009369,484.7007495315428,1171.4675202998126,436.7307307932542,1157.076514678326,503.88875702685823,821.286383510306,429.53522798251083,828.4818863210494,460.71574016239856,840.4743910056216,499.09175515302934,1128.294503435353,88.94809494066203,1063.5349781386633,208.87314178638348,981.9859462835727,338.3921923797625,255.2401623985008,31.38407245471558,293.6161773891317,91.34659587757642,334.39069331667696,177.69262960649576
labeled-data,1641421641-right,img042.png,818.8878825733916,448.7232354778264,850.0683947532791,484.7007495315428,1176.2645221736416,443.9262336039974,1152.2795128044972,508.685758900687,823.6848844472204,427.13672704559644,833.2788881948782,460.71574016239856,840.4743910056216,501.4902560899437,1375.3400999375392,240.05365396627099,1169.0690193628982,355.18169893816366,989.1814490943161,484.7007495315428,255.2401623985008,36.18107432854458,288.8191755153028,86.54959400374764,331.99219237976257,184.88813241723915
labeled-data,1641421641-right,img054.png,811.6923797626482,451.1217364147408,854.8653966271081,479.9037476577139,1171.4675202998126,439.1292317301686,1159.4750156152404,506.2872579637726,1353.7535915053093,338.3921923797625,1137.8885071830107,364.7757026858212,910.03091817614,391.15921299187994,255.2401623985008,36.18107432854458,293.6161773891317,88.94809494066203,336.78919425359146,182.48963148032476,,,,,,
labeled-data,1641421641-right,img070.png,,,,,,,1157.076514678326,506.2872579637726,,,,,833.2788881948782,506.2872579637726,1267.4075577763897,381.5652092442224,1065.9334790755777,436.7307307932542,852.4668956901935,515.8812617114303,250.443160524672,31.38407245471558,296.01467832604607,86.54959400374764,336.78919425359146,187.28663335415354
labeled-data,1641421641-right,img072.png,,,,,1152.2795128044972,501.4902560899437,,,,,,,,,1248.2195502810744,352.78319800124905,1056.3394753279201,446.3247345409118,845.2713928794503,530.272267332917,252.8416614615864,31.38407245471558,296.01467832604607,88.94809494066203,336.78919425359146,177.69262960649576
labeled-data,1641421641-right,img075.png,,,,,1171.4675202998126,441.527732667083,1152.2795128044972,508.685758900687,,,,,,,1169.0690193628982,314.4071830106184,1020.3619612742036,436.7307307932542,869.2564022485947,566.2497813866333,252.8416614615864,31.38407245471558,300.81168019987496,96.1435977514052,334.39069331667696,182.48963148032476
labeled-data,1641421641-right,img097.png,818.8878825733916,443.9262336039974,859.6623985009369,487.09925046845717,1171.4675202998126,436.7307307932542,1154.6780137414116,506.2872579637726,821.286383510306,429.53522798251083,830.8803872579638,470.3097439100561,842.872891942536,506.2872579637726,672.5793254216114,232.85815115552782,922.0234228607121,307.211680199875,1113.9034978138664,352.78319800124905,252.8416614615864,33.782573391630194,329.59369144284807,175.29412866958137,,
labeled-data,1641421641-right,img100.png,814.0908806995628,448.7232354778264,857.2638975640225,487.09925046845717,1169.0690193628982,436.7307307932542,1157.076514678326,508.685758900687,823.6848844472204,427.13672704559644,830.8803872579638,458.31723922548395,842.872891942536,503.88875702685823,674.9778263585258,216.06864459712665,907.6324172392256,312.00868207370377,1099.5124921923798,379.1667083073078,252.8416614615864,31.38407245471558,296.01467832604607,88.94809494066203,331.99219237976257,177.69262960649576
labeled-data,1641421641-right,img101.png,816.4893816364772,448.7232354778264,857.2638975640225,479.9037476577139,1169.0690193628982,434.33222985633984,1157.076514678326,499.09175515302934,823.6848844472204,427.13672704559644,833.2788881948782,460.71574016239856,842.872891942536,506.2872579637726,694.1658338538414,201.6776389756401,914.8279200499687,324.00118675827594,1087.5199875078076,407.9487195502811,255.2401623985008,36.18107432854458,293.6161773891317,93.74509681449081,331.99219237976257,184.88813241723915
labeled-data,1641421641-right,img104.png,814.0908806995628,446.3247345409118,859.6623985009369,482.3022485946283,1171.4675202998126,434.33222985633984,1159.4750156152404,503.88875702685823,821.286383510306,427.13672704559644,830.8803872579638,465.51274203622734,838.0758900687069,506.2872579637726,761.3238600874454,182.48963148032476,917.2264209868831,352.78319800124905,1032.3544659587758,508.685758900687,257.6386633354153,36.18107432854458,300.81168019987496,93.74509681449081,329.59369144284807,175.29412866958137
labeled-data,1641421641-right,img108.png,811.6923797626482,446.3247345409118,857.2638975640225,487.09925046845717,1173.866021236727,439.1292317301686,1157.076514678326,503.88875702685823,,,828.4818863210494,463.11424109931295,838.0758900687069,506.2872579637726,895.6399125546534,211.27164272329787,969.9934415990006,395.95621486570894,1041.9484697064336,602.2272954403497,255.2401623985008,33.782573391630194,291.2176764522173,88.94809494066203,334.39069331667696,177.69262960649576
labeled-data,1641421641-right,img109.png,820.1440617788036,455.4588141310136,854.5015977276761,492.67947807562564,,,,,,,838.0758900687069,460.71574016239856,847.6698938163647,501.4902560899437,981.9859462835727,242.45215490318537,1044.346970643348,412.7457214241099,1113.9034978138664,638.2048094940662,255.2401623985008,31.38407245471558,298.41317926296057,93.74509681449081,334.39069331667696,180.09113054341037
labeled-data,1641421641-right,img118.png,814.0908806995628,451.1217364147408,854.8653966271081,491.89625234228606,1159.4750156152404,451.1217364147408,,,821.286383510306,429.53522798251083,830.8803872579638,470.3097439100561,842.872891942536,506.2872579637726,1300.9865708931918,312.00868207370377,1327.3700811992505,501.4902560899437,1344.1595877576515,710.1598376014991,257.6386633354153,36.18107432854458,296.01467832604607,88.94809494066203,336.78919425359146,180.09113054341037
labeled-data,1641421641-right,img130.png,,,,,1171.4675202998126,436.7307307932542,1154.6780137414116,506.2872579637726,,,,,,,979.5874453466583,292.82067457838843,943.6099312929418,487.09925046845717,902.8354153653966,702.9643347907557,252.8416614615864,28.98557151780119,298.41317926296057,96.1435977514052,336.78919425359146,187.28663335415354
labeled-data,1641421641-right,img133.png,,,,,1169.0690193628982,434.33222985633984,1154.6780137414116,506.2872579637726,,,,,,,953.2039350405996,285.62517176764504,869.2564022485947,463.11424109931295,782.9103685196751,671.7838226108682,255.2401623985008,33.782573391630194,300.81168019987496,96.1435977514052,334.39069331667696,182.48963148032476
labeled-data,1641421641-right,img138.png,,,,,1171.4675202998126,436.7307307932542,1154.6780137414116,499.09175515302934,,,,,,,972.391942535915,326.39968769519055,782.9103685196751,467.9112429731417,571.8422860712055,623.8138038725797,252.8416614615864,33.782573391630194,293.6161773891317,91.34659587757642,334.39069331667696,182.48963148032476
labeled-data,1641421641-right,img143.png,,,,,1173.866021236727,431.9337289194252,1149.8810118675829,503.88875702685823,,,,,,,953.2039350405996,405.5502186133665,706.1583385384133,482.3022485946283,466.3082448469706,573.4452841973766,255.2401623985008,36.18107432854458,293.6161773891317,91.34659587757642,331.99219237976257,182.48963148032476
labeled-data,1641421641-right,img146.png,,,,,1169.0690193628982,434.33222985633984,1152.2795128044972,506.2872579637726,,,,,,,934.0159275452843,386.36221111805116,691.767332916927,475.106745783885,463.9097439100562,575.843785134291,255.2401623985008,36.18107432854458,291.2176764522173,88.94809494066203,334.39069331667696,187.28663335415354
labeled-data,1641421641-right,img151.png,823.6848844472204,453.52023735165517,857.2638975640225,482.3022485946283,1169.0690193628982,436.7307307932542,1149.8810118675829,503.88875702685823,,,833.2788881948782,455.91873828856956,838.0758900687069,503.88875702685823,814.0908806995628,314.4071830106184,679.7748282323548,463.11424109931295,504.6842598376015,631.009306683323,252.8416614615864,31.38407245471558,298.41317926296057,91.34659587757642,334.39069331667696,182.48963148032476
labeled-data,1641421641-right,img153.png,816.4893816364772,448.7232354778264,859.6623985009369,489.49775140537156,1176.2645221736416,443.9262336039974,1154.6780137414116,506.2872579637726,821.286383510306,429.53522798251083,828.4818863210494,470.3097439100561,838.0758900687069,503.88875702685823,739.7373516552154,280.82816989381627,636.6018113678949,448.7232354778264,526.2707682698313,621.4153029356652,252.8416614615864,31.38407245471558,298.41317926296057,91.34659587757642,334.39069331667696,180.09113054341037
labeled-data,1641421641-right,img156.png,814.0908806995628,448.7232354778264,859.6623985009369,482.3022485946283,1169.0690193628982,439.1292317301686,1154.6780137414116,511.0842598376015,823.6848844472204,429.53522798251083,835.6773891317926,465.51274203622734,845.2713928794503,501.4902560899437,686.970331043098,211.27164272329787,650.9928169893817,405.5502186133665,605.4212991880074,587.8362898188632,250.443160524672,33.782573391630194,286.4206745783884,88.94809494066203,331.99219237976257,184.88813241723915
labeled-data,1641421641-right,img166.png,818.8878825733916,453.52023735165517,854.8653966271081,489.49775140537156,1173.866021236727,436.7307307932542,1145.0840099937539,503.88875702685823,821.286383510306,431.9337289194252,833.2788881948782,470.3097439100561,842.872891942536,501.4902560899437,,,811.6923797626482,148.91061836352264,850.0683947532791,324.00118675827594,252.8416614615864,28.98557151780119,293.6161773891317,91.34659587757642,331.99219237976257,187.28663335415354
labeled-data,1641421641-right,img184.png,814.0908806995628,448.7232354778264,859.6623985009369,484.7007495315428,1169.0690193628982,436.7307307932542,1157.076514678326,508.685758900687,826.0833853841348,431.9337289194252,833.2788881948782,470.3097439100561,840.4743910056216,501.4902560899437,1128.294503435353,62.56458463460331,1135.4900062460963,199.2791380387257,1140.287008119925,326.39968769519055,252.8416614615864,31.38407245471558,298.41317926296057,93.74509681449081,336.78919425359146,184.88813241723915
labeled-data,1641421641-right,img195.png,809.2938788257338,448.7232354778264,857.2638975640225,487.09925046845717,1171.4675202998126,436.7307307932542,1152.2795128044972,508.685758900687,823.6848844472204,431.9337289194252,833.2788881948782,472.7082448469705,838.0758900687069,503.88875702685823,1241.0240474703312,62.56458463460331,1157.076514678326,182.48963148032476,1053.9409743910057,304.8131792629606,255.2401623985008,33.782573391630194,291.2176764522173,93.74509681449081,331.99219237976257,182.48963148032476
labeled-data,1641421641-right,img202.png,814.0908806995628,448.7232354778264,857.2638975640225,484.7007495315428,1169.0690193628982,439.1292317301686,1149.8810118675829,503.88875702685823,823.6848844472204,431.9337289194252,833.2788881948782,470.3097439100561,838.0758900687069,499.09175515302934,1279.4000624609619,148.91061836352264,1135.4900062460963,201.6776389756401,989.1814490943161,254.44465958775754,252.8416614615864,33.782573391630194,291.2176764522173,88.94809494066203,334.39069331667696,180.09113054341037
labeled-data,1641421641-right,img215.png,811.6923797626482,448.7232354778264,857.2638975640225,489.49775140537156,1169.0690193628982,436.7307307932542,1149.8810118675829,511.0842598376015,821.286383510306,431.9337289194252,833.2788881948782,472.7082448469705,838.0758900687069,506.2872579637726,1253.0165521549031,187.28663335415354,1109.1064959400376,199.2791380387257,953.2039350405996,223.26414740787004,252.8416614615864,31.38407245471558,293.6161773891317,91.34659587757642,334.39069331667696,184.88813241723915
labeled-data,1641421641-right,img217.png,811.6923797626482,451.1217364147408,857.2638975640225,484.7007495315428,1171.4675202998126,436.7307307932542,1149.8810118675829,503.88875702685823,821.286383510306,431.9337289194252,833.2788881948782,470.3097439100561,840.4743910056216,503.88875702685823,1241.0240474703312,165.7001249219236,1087.5199875078076,206.4746408494691,943.6099312929418,247.24915677701438,252.8416614615864,31.38407245471558,293.6161773891317,93.74509681449081,331.99219237976257,182.48963148032476
labeled-data,1641421641-right,img219.png,811.6923797626482,446.3247345409118,854.8653966271081,489.49775140537156,1171.4675202998126,434.33222985633984,1154.6780137414116,506.2872579637726,823.6848844472204,429.53522798251083,830.8803872579638,467.9112429731417,833.2788881948782,501.4902560899437,1212.2420362273579,156.10612117426604,1065.9334790755777,218.46714553404104,946.0084322298562,271.2341661461585,252.8416614615864,31.38407245471558,291.2176764522173,91.34659587757642,334.39069331667696,180.09113054341037
labeled-data,1641421641-right,img233.png,811.6923797626482,451.1217364147408,859.6623985009369,489.49775140537156,1171.4675202998126,436.7307307932542,1154.6780137414116,506.2872579637726,821.286383510306,429.53522798251083,828.4818863210494,465.51274203622734,838.0758900687069,503.88875702685823,1058.7379762648345,129.7226108682073,1135.4900062460963,216.06864459712665,1207.445034353529,292.82067457838843,252.8416614615864,33.782573391630194,291.2176764522173,88.94809494066203,334.39069331667696,184.88813241723915
labeled-data,1641421641-right,img250.png,814.0908806995628,448.7232354778264,857.2638975640225,489.49775140537156,1169.0690193628982,436.7307307932542,1152.2795128044972,508.685758900687,821.286383510306,431.9337289194252,828.4818863210494,470.3097439100561,835.6773891317926,506.2872579637726,1111.504996876952,110.53460337289175,1181.0615240474704,208.87314178638348,1229.031542785759,290.42217364147405,255.2401623985008,33.782573391630194,293.6161773891317,91.34659587757642,331.99219237976257,182.48963148032476
labeled-data,1641421641-right,img253.png,811.6923797626482,448.7232354778264,852.4668956901935,489.49775140537156,1169.0690193628982,441.527732667083,1152.2795128044972,508.685758900687,821.286383510306,431.9337289194252,826.0833853841348,463.11424109931295,835.6773891317926,506.2872579637726,1145.0840099937539,74.55708931917547,1164.2720174890694,189.68513429106793,1181.0615240474704,300.0161773891318,252.8416614615864,31.38407245471558,291.2176764522173,86.54959400374764,331.99219237976257,180.09113054341037
labeled-data,1641421641-right,img261.png,814.0908806995628,451.1217364147408,854.8653966271081,489.49775140537156,1164.2720174890694,439.1292317301686,1147.4825109306685,506.2872579637726,821.286383510306,429.53522798251083,828.4818863210494,470.3097439100561,835.6773891317926,501.4902560899437,1317.7760774515928,132.1211118051217,1351.3550905683949,264.0386633354153,1377.7386008744536,374.369706433479,252.8416614615864,33.782573391630194,291.2176764522173,93.74509681449081,334.39069331667696,182.48963148032476
labeled-data,1641421641-right,img275.png,809.2938788257338,448.7232354778264,854.8653966271081,482.3022485946283,1171.4675202998126,439.1292317301686,1152.2795128044972,506.2872579637726,818.8878825733916,431.9337289194252,826.0833853841348,465.51274203622734,835.6773891317926,501.4902560899437,1265.0090568394753,115.33160524672076,1305.7835727670206,300.0161773891318,1351.3550905683949,501.4902560899437,255.2401623985008,31.38407245471558,293.6161773891317,91.34659587757642,331.99219237976257,177.69262960649576
labeled-data,1641421641-right,img285.png,811.6923797626482,448.7232354778264,854.8653966271081,484.7007495315428,1171.4675202998126,439.1292317301686,1157.076514678326,511.0842598376015,821.286383510306,431.9337289194252,828.4818863210494,472.7082448469705,833.2788881948782,501.4902560899437,1248.2195502810744,48.17357901311675,1279.4000624609619,268.8356652092441,1305.7835727670206,465.51274203622734,252.8416614615864,28.98557151780119,296.01467832604607,91.34659587757642,334.39069331667696,184.88813241723915
labeled-data,1641421641-right,img291.png,809.2938788257338,446.3247345409118,857.2638975640225,489.49775140537156,1171.4675202998126,436.7307307932542,1152.2795128044972,501.4902560899437,821.286383510306,429.53522798251083,833.2788881948782,472.7082448469705,840.4743910056216,501.4902560899437,1300.9865708931918,108.13610243597736,1269.8060587133043,264.0386633354153,1226.6330418488444,398.35471580262333,252.8416614615864,31.38407245471558,291.2176764522173,86.54959400374764,334.39069331667696,184.88813241723915
labeled-data,1641421641-right,img300.png,814.0908806995628,451.1217364147408,854.8653966271081,482.3022485946283,1169.0690193628982,446.3247345409118,1147.4825109306685,499.09175515302934,821.286383510306,429.53522798251083,833.2788881948782,465.51274203622734,842.872891942536,503.88875702685823,1279.4000624609619,148.91061836352264,1214.6405371642725,249.64765771392877,1123.4975015615241,347.98619612742027,255.2401623985008,38.57957526545897,291.2176764522173,88.94809494066203,336.78919425359146,187.28663335415354
labeled-data,1641421641-right,img307.png,814.0908806995628,446.3247345409118,854.8653966271081,487.09925046845717,1171.4675202998126,434.33222985633984,1142.6855090568395,496.69325421611495,823.6848844472204,429.53522798251083,835.6773891317926,470.3097439100561,840.4743910056216,499.09175515302934,1113.9034978138664,38.57957526545897,1097.1139912554654,180.09113054341037,1075.5274828232355,333.5951905059337,252.8416614615864,31.38407245471558,296.01467832604607,88.94809494066203,334.39069331667696,182.48963148032476
labeled-data,1641421641-right,img311.png,811.6923797626482,446.3247345409118,859.6623985009369,482.3022485946283,1171.4675202998126,439.1292317301686,1147.4825109306685,501.4902560899437,823.6848844472204,429.53522798251083,835.6773891317926,470.3097439100561,842.872891942536,503.88875702685823,,,1068.3319800124923,144.11361648969387,1111.504996876952,290.42217364147405,252.8416614615864,33.782573391630194,288.8191755153028,86.54959400374764,336.78919425359146,184.88813241723915
labeled-data,1641421641-right,img312.png,814.0908806995628,448.7232354778264,854.8653966271081,487.09925046845717,1169.0690193628982,434.33222985633984,1145.0840099937539,501.4902560899437,821.286383510306,429.53522798251083,828.4818863210494,463.11424109931295,835.6773891317926,501.4902560899437,,,1041.9484697064336,117.73010618363514,1101.9109931292942,249.64765771392877,255.2401623985008,33.782573391630194,288.8191755153028,84.15109306683303,334.39069331667696,182.48963148032476
labeled-data,1641421641-right,img315.png,811.6923797626482,448.7232354778264,857.2638975640225,487.09925046845717,1173.866021236727,436.7307307932542,1147.4825109306685,503.88875702685823,823.6848844472204,431.9337289194252,830.8803872579638,472.7082448469705,835.6773891317926,501.4902560899437,,,1003.5724547158027,139.31661461586486,1020.3619612742036,264.0386633354153,255.2401623985008,33.782573391630194,296.01467832604607,93.74509681449081,334.39069331667696,180.09113054341037
labeled-data,1641421641-right,img326.png,811.6923797626482,448.7232354778264,854.8653966271081,494.29475327920045,1173.866021236727,439.1292317301686,1149.8810118675829,501.4902560899437,823.6848844472204,431.9337289194252,835.6773891317926,475.106745783885,838.0758900687069,506.2872579637726,1029.9559650218614,67.36158650843208,1044.346970643348,196.88063710181132,1051.5424734540911,314.4071830106184,252.8416614615864,31.38407245471558,293.6161773891317,86.54959400374764,331.99219237976257,182.48963148032476
labeled-data,1641421641-right,img334.png,814.0908806995628,451.1217364147408,854.8653966271081,489.49775140537156,1171.4675202998126,436.7307307932542,1147.4825109306685,503.88875702685823,821.286383510306,431.9337289194252,830.8803872579638,470.3097439100561,835.6773891317926,501.4902560899437,1053.9409743910057,105.73760149906298,1058.7379762648345,208.87314178638348,1063.5349781386633,328.79818863210494,252.8416614615864,33.782573391630194,296.01467832604607,93.74509681449081,334.39069331667696,184.88813241723915
labeled-data,1641421641-right,img346.png,814.0908806995628,448.7232354778264,857.2638975640225,484.7007495315428,1171.4675202998126,436.7307307932542,1147.4825109306685,499.09175515302934,821.286383510306,431.9337289194252,830.8803872579638,465.51274203622734,838.0758900687069,501.4902560899437,1065.9334790755777,120.12860712054953,1073.128981886321,230.4596502186132,1070.7304809494067,328.79818863210494,255.2401623985008,31.38407245471558,291.2176764522173,84.15109306683303,331.99219237976257,184.88813241723915
labeled-data,1641421641-right,img350.png,811.6923797626482,448.7232354778264,854.8653966271081,487.09925046845717,1173.866021236727,431.9337289194252,1152.2795128044972,508.685758900687,823.6848844472204,431.9337289194252,830.8803872579638,470.3097439100561,838.0758900687069,506.2872579637726,1068.3319800124923,122.52710805746392,1068.3319800124923,232.85815115552782,1073.128981886321,326.39968769519055,252.8416614615864,31.38407245471558,291.2176764522173,91.34659587757642,336.78919425359146,187.28663335415354
labeled-data,1641421641-right,img353.png,811.6923797626482,448.7232354778264,859.6623985009369,482.3022485946283,1176.2645221736416,434.33222985633984,1149.8810118675829,501.4902560899437,821.286383510306,429.53522798251083,830.8803872579638,465.51274203622734,838.0758900687069,501.4902560899437,1065.9334790755777,120.12860712054953,1070.7304809494067,235.2566520924422,1070.7304809494067,328.79818863210494,255.2401623985008,33.782573391630194,296.01467832604607,93.74509681449081,336.78919425359146,187.28663335415354
labeled-data,1641421641-right,img358.png,816.4893816364772,451.1217364147408,854.8653966271081,482.3022485946283,1173.866021236727,436.7307307932542,1152.2795128044972,503.88875702685823,821.286383510306,427.13672704559644,830.8803872579638,463.11424109931295,835.6773891317926,503.88875702685823,1068.3319800124923,122.52710805746392,1075.5274828232355,228.06114928169882,1080.3244846970642,328.79818863210494,248.0446595877575,33.782573391630194,288.8191755153028,86.54959400374764,331.99219237976257,180.09113054341037
labeled-data,1641421641-right,img364.png,814.0908806995628,446.3247345409118,862.0608994378513,484.7007495315428,1173.866021236727,434.33222985633984,1157.076514678326,506.2872579637726,823.6848844472204,429.53522798251083,835.6773891317926,470.3097439100561,842.872891942536,501.4902560899437,1065.9334790755777,122.52710805746392,1068.3319800124923,225.66264834478443,1080.3244846970642,326.39968769519055,185.6836352279824,48.17357901311675,226.45815115552767,110.53460337289175,281.6236727045595,230.4596502186132
labeled-data,1641421641-right,img370.png,809.2938788257338,448.7232354778264,862.0608994378513,482.3022485946283,1169.0690193628982,436.7307307932542,1152.2795128044972,499.09175515302934,821.286383510306,429.53522798251083,830.8803872579638,467.9112429731417,842.872891942536,503.88875702685823,1070.7304809494067,120.12860712054953,1075.5274828232355,220.86564647095565,1080.3244846970642,326.39968769519055,87.34509681449077,50.57207995003114,125.72111180512167,112.93310430980637,166.49562773266695,206.4746408494691
labeled-data,1641421641-right,img371.png,816.4893816364772,448.7232354778264,857.2638975640225,487.09925046845717,1173.866021236727,436.7307307932542,1157.076514678326,503.88875702685823,823.6848844472204,429.53522798251083,833.2788881948782,465.51274203622734,842.872891942536,503.88875702685823,1068.3319800124923,120.12860712054953,1075.5274828232355,225.66264834478443,1077.9259837601498,326.39968769519055,92.14209868831966,48.17357901311675,120.92410993129278,103.33910056214859,164.0971267957525,199.2791380387257
labeled-data,1641421641-right,img379.png,814.0908806995628,451.1217364147408,862.0608994378513,487.09925046845717,1173.866021236727,439.1292317301686,1152.2795128044972,503.88875702685823,826.0833853841348,429.53522798251083,833.2788881948782,463.11424109931295,840.4743910056216,503.88875702685823,1070.7304809494067,120.12860712054953,1077.9259837601498,223.26414740787004,1077.9259837601498,326.39968769519055,36.97657713928777,36.18107432854458,72.95409119300422,98.54209868831958,116.12710805746394,192.0836352279823
labeled-data,1641421641-right,img387.png,814.0908806995628,448.7232354778264,854.8653966271081,487.09925046845717,1173.866021236727,439.1292317301686,1152.2795128044972,503.88875702685823,823.6848844472204,429.53522798251083,833.2788881948782,470.3097439100561,840.4743910056216,503.88875702685823,1068.3319800124923,122.52710805746392,1077.9259837601498,225.66264834478443,1080.3244846970642,326.39968769519055,53.76608369768877,52.97058088694553,82.54809494066194,103.33910056214859,130.5181136789505,199.2791380387257
labeled-data,1641421641-right,img443.png,818.8878825733916,451.1217364147408,862.0608994378513,489.49775140537156,1176.2645221736416,439.1292317301686,1152.2795128044972,501.4902560899437,823.6848844472204,429.53522798251083,830.8803872579638,465.51274203622734,840.4743910056216,501.4902560899437,1070.7304809494067,122.52710805746392,1070.7304809494067,223.26414740787004,1077.9259837601498,326.39968769519055,58.56308557151766,50.57207995003114,60.96158650843205,122.52710805746392,56.164584634603216,216.06864459712665
labeled-data,1641421641-right,img452.png,818.8878825733916,448.7232354778264,862.0608994378513,487.09925046845717,1176.2645221736416,436.7307307932542,1152.2795128044972,499.09175515302934,818.8878825733916,429.53522798251083,830.8803872579638,470.3097439100561,838.0758900687069,503.88875702685823,1070.7304809494067,122.52710805746392,1070.7304809494067,232.85815115552782,1075.5274828232355,326.39968769519055,56.164584634603216,48.17357901311675,99.33760149906294,112.93310430980637,140.11211742660822,201.6776389756401
labeled-data,1641421641-right,img465.png,811.6923797626482,451.1217364147408,862.0608994378513,487.09925046845717,1176.2645221736416,441.527732667083,1154.6780137414116,506.2872579637726,823.6848844472204,431.9337289194252,833.2788881948782,467.9112429731417,838.0758900687069,503.88875702685823,1073.128981886321,122.52710805746392,1077.9259837601498,223.26414740787004,1082.7229856339789,328.79818863210494,68.15708931917538,43.37657713928775,99.33760149906294,100.9405996252342,140.11211742660822,192.0836352279823
labeled-data,1641421641-right,img470.png,816.4893816364772,448.7232354778264,859.6623985009369,487.09925046845717,1176.2645221736416,439.1292317301686,1157.076514678326,506.2872579637726,823.6848844472204,429.53522798251083,835.6773891317926,465.51274203622734,840.4743910056216,506.2872579637726,1070.7304809494067,122.52710805746392,1070.7304809494067,223.26414740787004,1075.5274828232355,328.79818863210494,123.32261086820722,38.57957526545897,161.6986258588381,98.54209868831958,207.27014366021223,189.68513429106793
labeled-data,1641421641-right,img475.png,814.0908806995628,448.7232354778264,859.6623985009369,484.7007495315428,1173.866021236727,441.527732667083,1149.8810118675829,506.2872579637726,826.0833853841348,429.53522798251083,833.2788881948782,463.11424109931295,842.872891942536,503.88875702685823,1068.3319800124923,122.52710805746392,1075.5274828232355,220.86564647095565,1077.9259837601498,328.79818863210494,135.3151155527794,43.37657713928775,173.69113054341022,98.54209868831958,219.2626483447844,189.68513429106793
labeled-data,1641421641-right,img486.png,816.4893816364772,448.7232354778264,862.0608994378513,484.7007495315428,1173.866021236727,436.7307307932542,1152.2795128044972,501.4902560899437,826.0833853841348,427.13672704559644,835.6773891317926,472.7082448469705,840.4743910056216,503.88875702685823,1073.128981886321,122.52710805746392,1073.128981886321,223.26414740787004,1075.5274828232355,328.79818863210494,135.3151155527794,43.37657713928775,176.08963148032467,93.74509681449081,212.06714553404112,187.28663335415354
labeled-data,1641421641-right,img495.png,816.4893816364772,451.1217364147408,864.4594003747657,482.3022485946283,1176.2645221736416,439.1292317301686,1149.8810118675829,501.4902560899437,823.6848844472204,427.13672704559644,833.2788881948782,463.11424109931295,842.872891942536,503.88875702685823,1073.128981886321,120.12860712054953,1077.9259837601498,228.06114928169882,1077.9259837601498,326.39968769519055,140.11211742660822,40.97807620237336,130.5181136789505,103.33910056214859,101.73610243597739,208.87314178638348
labeled-data,1641421641-right,img508.png,816.4893816364772,451.1217364147408,862.0608994378513,479.9037476577139,1173.866021236727,439.1292317301686,1149.8810118675829,503.88875702685823,823.6848844472204,431.9337289194252,830.8803872579638,467.9112429731417,840.4743910056216,503.88875702685823,1073.128981886321,122.52710805746392,1073.128981886321,220.86564647095565,1080.3244846970642,328.79818863210494,144.9091193004371,48.17357901311675,120.92410993129278,98.54209868831958,63.360087445346494,170.4971267957526
labeled-data,1641421641-right,img519.png,814.0908806995628,451.1217364147408,859.6623985009369,489.49775140537156,1173.866021236727,439.1292317301686,1154.6780137414116,513.4827607745159,823.6848844472204,429.53522798251083,835.6773891317926,465.51274203622734,842.872891942536,506.2872579637726,1070.7304809494067,120.12860712054953,1075.5274828232355,223.26414740787004,1080.3244846970642,328.79818863210494,140.11211742660822,40.97807620237336,116.12710805746394,86.54959400374764,51.36758276077438,175.29412866958137
labeled-data,1641421641-right,img534.png,816.4893816364772,448.7232354778264,859.6623985009369,489.49775140537156,1173.866021236727,436.7307307932542,1152.2795128044972,501.4902560899437,826.0833853841348,429.53522798251083,835.6773891317926,465.51274203622734,842.872891942536,503.88875702685823,1070.7304809494067,120.12860712054953,1077.9259837601498,232.85815115552782,1075.5274828232355,328.79818863210494,140.11211742660822,43.37657713928775,164.0971267957525,100.9405996252342,192.87913803872567,206.4746408494691
labeled-data,1641421641-right,img565.png,816.4893816364772,448.7232354778264,862.0608994378513,487.09925046845717,1176.2645221736416,436.7307307932542,1154.6780137414116,503.88875702685823,828.4818863210494,431.9337289194252,835.6773891317926,467.9112429731417,842.872891942536,506.2872579637726,1070.7304809494067,122.52710805746392,1075.5274828232355,228.06114928169882,1073.128981886321,326.39968769519055,195.27763897564006,38.57957526545897,231.25515302935656,96.1435977514052,281.6236727045595,201.6776389756401
labeled-data,1641421641-right,img568.png,811.6923797626482,451.1217364147408,864.4594003747657,484.7007495315428,1173.866021236727,439.1292317301686,1152.2795128044972,513.4827607745159,823.6848844472204,429.53522798251083,830.8803872579638,467.9112429731417,840.4743910056216,503.88875702685823,1073.128981886321,120.12860712054953,1077.9259837601498,235.2566520924422,1080.3244846970642,326.39968769519055,212.06714553404112,43.37657713928775,248.0446595877575,98.54209868831958,293.6161773891317,184.88813241723915
labeled-data,1641421641-right,img570.png,814.0908806995628,448.7232354778264,864.4594003747657,484.7007495315428,1171.4675202998126,436.7307307932542,1152.2795128044972,506.2872579637726,823.6848844472204,429.53522798251083,835.6773891317926,463.11424109931295,845.2713928794503,501.4902560899437,1068.3319800124923,122.52710805746392,1073.128981886321,223.26414740787004,1080.3244846970642,328.79818863210494,214.4656464709555,43.37657713928775,250.443160524672,96.1435977514052,293.6161773891317,182.48963148032476
labeled-data,1641421641-right,img593.png,811.6923797626482,448.7232354778264,859.6623985009369,484.7007495315428,1173.866021236727,436.7307307932542,1152.2795128044972,496.69325421611495,821.286383510306,429.53522798251083,830.8803872579638,460.71574016239856,842.872891942536,506.2872579637726,1065.9334790755777,120.12860712054953,1070.7304809494067,228.06114928169882,1073.128981886321,324.00118675827594,209.66864459712662,40.97807620237336,204.87164272329784,88.94809494066203,161.6986258588381,172.89562773266698
labeled-data,1641421641-right,img621.png,811.6923797626482,448.7232354778264,862.0608994378513,484.7007495315428,1171.4675202998126,434.33222985633984,1145.0840099937539,496.69325421611495,823.6848844472204,429.53522798251083,830.8803872579638,465.51274203622734,840.4743910056216,503.88875702685823,1070.7304809494067,122.52710805746392,1073.128981886321,230.4596502186132,1073.128981886321,326.39968769519055,219.2626483447844,38.57957526545897,214.4656464709555,96.1435977514052,180.8866333541535,189.68513429106793
labeled-data,1641421641-right,img630.png,809.2938788257338,448.7232354778264,859.6623985009369,484.7007495315428,1176.2645221736416,436.7307307932542,1149.8810118675829,506.2872579637726,823.6848844472204,429.53522798251083,833.2788881948782,463.11424109931295,840.4743910056216,501.4902560899437,1070.7304809494067,120.12860712054953,1068.3319800124923,216.06864459712665,1075.5274828232355,326.39968769519055,214.4656464709555,38.57957526545897,209.66864459712662,98.54209868831958,180.8866333541535,187.28663335415354
labeled-data,1641421641-right,img637.png,811.6923797626482,448.7232354778264,857.2638975640225,487.09925046845717,1176.2645221736416,439.1292317301686,1159.4750156152404,506.2872579637726,823.6848844472204,429.53522798251083,830.8803872579638,470.3097439100561,835.6773891317926,506.2872579637726,1068.3319800124923,122.52710805746392,1070.7304809494067,220.86564647095565,1075.5274828232355,328.79818863210494,219.2626483447844,36.18107432854458,226.45815115552767,112.93310430980637,245.64615865084312,216.06864459712665
labeled-data,1641421641-right,img649.png,816.4893816364772,446.3247345409118,862.0608994378513,484.7007495315428,1173.866021236727,441.527732667083,1149.8810118675829,503.88875702685823,823.6848844472204,429.53522798251083,833.2788881948782,467.9112429731417,840.4743910056216,503.88875702685823,1073.128981886321,122.52710805746392,1073.128981886321,223.26414740787004,1073.128981886321,326.39968769519055,214.4656464709555,40.97807620237336,252.8416614615864,98.54209868831958,294.827519020226,187.00372982000363
labeled-data,1641421641-right,img651.png,816.8984041566152,451.36446465021334,861.7898496938205,489.6053256633884,1177.6926145852663,443.0512339951754,1152.7529226201523,506.2317869734644,823.5489886806456,433.0753572091297,833.5248654666914,469.65357209129706,841.8380961217292,506.2317869734644,1066.2953238077564,123.82317684171448,1072.945908331787,225.24459083317856,1072.945908331787,333.31658934867323,211.69521246984567,44.01616255334943,256.5866580070511,97.2208387455928,294.827519020226,185.34108368899615
labeled-data,1641421641-right,img653.png,818.5610502876227,451.36446465021334,860.1272035628131,491.267971794396,1176.0299684542588,441.3885878641678,1151.0902764891446,507.8944331044721,828.5369270736685,433.0753572091297,840.1754499907217,474.64151048431995,845.1633883837446,506.2317869734644,1064.632677676749,123.82317684171448,1066.2953238077564,230.23252922620145,1071.2832622007793,331.6539432176655,211.69521246984567,42.35351642234173,249.9360734830206,98.8834848766005,293.16487288921843,188.66637595101133
labeled-data,1641421641-right,img667.png,818.5610502876227,451.36446465021334,858.4645574318054,487.9426795323808,1176.0299684542588,439.7259417331601,1154.4155687511598,509.5570792354797,826.8742809426608,433.0753572091297,835.1875115976989,466.3282798292819,843.5007422527369,507.8944331044721,1067.957969938764,122.16053071070701,1072.945908331787,230.23252922620145,1074.6085544627945,333.31658934867323,236.63490443495976,49.00410094637209,269.8878270551119,103.87142326962316,308.128688068287,188.66637595101133
labeled-data,1641421641-right,img673.png,821.8863425496379,453.02711078122104,863.4524958248282,487.9426795323808,1174.367322323251,441.3885878641678,1152.7529226201523,506.2317869734644,823.5489886806456,433.0753572091297,831.8622193356837,467.9909259602895,840.1754499907217,504.5691408424568,1067.957969938764,123.82317684171448,1069.6206160697718,225.24459083317856,1076.2712005938022,331.6539432176655,269.8878270551119,44.01616255334943,306.4660419372794,100.54613100760798,349.6948413434772,196.9796066060494
labeled-data,1641421641-right,img678.png,820.2236964186304,453.02711078122104,861.7898496938205,491.267971794396,1174.367322323251,443.0512339951754,1156.0782148821675,512.8823714974949,826.8742809426608,433.0753572091297,835.1875115976989,464.6656336982743,843.5007422527369,506.2317869734644,1067.957969938764,122.16053071070701,1072.945908331787,223.58194470217109,1076.2712005938022,333.31658934867323,266.56253479309675,42.35351642234173,308.128688068287,102.20877713861569,349.6948413434772,200.30489886806458
labeled-data,1641421641-right,img683.png,818.5610502876227,453.02711078122104,863.4524958248282,486.2800334013732,1172.7046761922434,439.7259417331601,1152.7529226201523,511.2197253664873,825.2116348116533,433.0753572091297,835.1875115976989,471.31621822230466,841.8380961217292,507.8944331044721,1067.957969938764,122.16053071070701,1074.6085544627945,223.58194470217109,1079.5964928558174,333.31658934867323,269.8878270551119,45.67880868435691,301.4781035442565,98.8834848766005,346.3695490814619,195.3169604750417
labeled-data,1641421641-right,img685.png,818.5610502876227,454.68975691222863,866.7777880868434,487.9426795323808,1172.7046761922434,443.0512339951754,1154.4155687511598,504.5691408424568,826.8742809426608,433.0753572091297,836.8501577287066,472.97886435331225,840.1754499907217,506.2317869734644,1071.2832622007793,123.82317684171448,1074.6085544627945,228.56988309519397,1077.9338467248099,331.6539432176655,264.89988866208915,45.67880868435691,303.1407496752641,100.54613100760798,348.0321952124695,196.9796066060494
labeled-data,1641421641-right,img717.png,821.8863425496379,454.68975691222863,860.1272035628131,489.6053256633884,1177.6926145852663,443.0512339951754,1149.4276303581369,501.24384858044164,823.5489886806456,434.7380033401373,833.5248654666914,476.30415661532754,841.8380961217292,507.8944331044721,1067.957969938764,123.82317684171448,1076.2712005938022,233.55782148821663,1081.259138986825,333.31658934867323,266.56253479309675,44.01616255334943,266.56253479309675,100.54613100760798,241.62284282798254,165.38933011690483
labeled-data,1641421641-right,img725.png,816.8984041566152,454.68975691222863,861.7898496938205,491.267971794396,1174.367322323251,443.0512339951754,1157.740861013175,511.2197253664873,826.8742809426608,433.0753572091297,833.5248654666914,471.31621822230466,840.1754499907217,507.8944331044721,1069.6206160697718,122.16053071070701,1077.9338467248099,228.56988309519397,1077.9338467248099,331.6539432176655,268.22518092410434,40.69087029133402,266.56253479309675,100.54613100760798,,
labeled-data,1641421641-right,img736.png,816.8984041566152,451.36446465021334,860.1272035628131,491.267971794396,1176.0299684542588,441.3885878641678,1157.740861013175,506.2317869734644,823.5489886806456,433.0753572091297,831.8622193356837,471.31621822230466,840.1754499907217,507.8944331044721,1067.957969938764,123.82317684171448,1074.6085544627945,221.91929857116338,1076.2712005938022,329.99129708665794,268.22518092410434,45.67880868435691,286.51428836518807,113.84730005566894,289.83958062720325,210.28077565411013
labeled-data,1641421641-right,img744.png,818.5610502876227,451.36446465021334,861.7898496938205,486.2800334013732,1177.6926145852663,441.3885878641678,1154.4155687511598,511.2197253664873,823.5489886806456,434.7380033401373,833.5248654666914,474.64151048431995,843.5007422527369,507.8944331044721,1071.2832622007793,123.82317684171448,1074.6085544627945,225.24459083317856,1077.9338467248099,331.6539432176655,268.22518092410434,42.35351642234173,279.8637038411576,108.85936166264605,288.17693449619566,198.64225273705688
labeled-data,1641421641-right,img774.png,818.5610502876227,451.36446465021334,860.1272035628131,489.6053256633884,1176.0299684542588,443.0512339951754,1156.0782148821675,514.5450176285025,823.5489886806456,431.41271107812213,835.1875115976989,471.31621822230466,841.8380961217292,506.2317869734644,1066.2953238077564,123.82317684171448,1071.2832622007793,228.56988309519397,1076.2712005938022,331.6539432176655,269.8878270551119,44.01616255334943,296.4901651512337,112.18465392466123,313.11662646130975,218.5940063091482
labeled-data,1641421641-right,img783.png,818.5610502876227,454.68975691222863,860.1272035628131,487.9426795323808,1177.6926145852663,443.0512339951754,1151.0902764891446,501.24384858044164,825.2116348116533,431.41271107812213,833.5248654666914,466.3282798292819,841.8380961217292,504.5691408424568,1069.6206160697718,125.48582297272219,1079.5964928558174,225.24459083317856,1081.259138986825,328.32865095565035,269.8878270551119,47.341454815364614,291.50222675821084,100.54613100760798,319.7672109853402,213.6060679161253
labeled-data,1641421641-right,img803.png,813.5731118946001,453.02711078122104,863.4524958248282,487.9426795323808,1177.6926145852663,443.0512339951754,1156.0782148821675,506.2317869734644,826.8742809426608,431.41271107812213,835.1875115976989,467.9909259602895,840.1754499907217,506.2317869734644,1069.6206160697718,125.48582297272219,1076.2712005938022,230.23252922620145,1076.2712005938022,333.31658934867323,266.56253479309675,44.01616255334943,313.11662646130975,110.52200779365376,344.7069029504543,200.30489886806458
labeled-data,1641421641-right,img811.png,816.8984041566152,449.70181851920574,861.7898496938205,487.9426795323808,1174.367322323251,446.37652625719056,1157.740861013175,512.8823714974949,825.2116348116533,431.41271107812213,835.1875115976989,466.3282798292819,840.1754499907217,506.2317869734644,1069.6206160697718,125.48582297272219,1072.945908331787,221.91929857116338,1074.6085544627945,331.6539432176655,266.56253479309675,44.01616255334943,306.4660419372794,97.2208387455928,346.3695490814619,195.3169604750417
labeled-data,1641421641-right,img820.png,815.2357580256075,451.36446465021334,863.4524958248282,486.2800334013732,1177.6926145852663,439.7259417331601,1152.7529226201523,504.5691408424568,828.5369270736685,433.0753572091297,838.512803859714,469.65357209129706,845.1633883837446,506.2317869734644,1067.957969938764,123.82317684171448,1071.2832622007793,220.2566524401559,1072.945908331787,333.31658934867323,266.56253479309675,40.69087029133402,308.128688068287,105.53406940063087,344.7069029504543,191.99166821302651
labeled-data,1641421641-right,img843.png,816.8984041566152,451.36446465021334,860.1272035628131,487.9426795323808,1174.367322323251,441.3885878641678,1152.7529226201523,506.2317869734644,825.2116348116533,433.0753572091297,831.8622193356837,466.3282798292819,840.1754499907217,504.5691408424568,1067.957969938764,123.82317684171448,1072.945908331787,221.91929857116338,1076.2712005938022,333.31658934867323,269.8878270551119,42.35351642234173,311.45398033030216,105.53406940063087,346.3695490814619,193.654314344034
labeled-data,1641421641-right,img847.png,816.8984041566152,453.02711078122104,855.1392651697902,491.267971794396,1177.6926145852663,443.0512339951754,1156.0782148821675,514.5450176285025,823.5489886806456,431.41271107812213,836.8501577287066,469.65357209129706,841.8380961217292,506.2317869734644,1071.2832622007793,122.16053071070701,1076.2712005938022,220.2566524401559,1081.259138986825,331.6539432176655,266.56253479309675,44.01616255334943,308.128688068287,103.87142326962316,346.3695490814619,193.654314344034
labeled-data,1641421641-right,img851.png,816.8984041566152,451.36446465021334,866.7777880868434,487.9426795323808,1177.6926145852663,441.3885878641678,1151.0902764891446,501.24384858044164,821.8863425496379,431.41271107812213,831.8622193356837,466.3282798292819,840.1754499907217,504.5691408424568,1067.957969938764,123.82317684171448,1069.6206160697718,223.58194470217109,1072.945908331787,333.31658934867323,271.5504731861195,47.341454815364614,306.4660419372794,107.19671553163835,344.7069029504543,195.3169604750417
labeled-data,1641421641-right,img855.png,813.5731118946001,451.36446465021334,863.4524958248282,487.9426795323808,1176.0299684542588,441.3885878641678,1154.4155687511598,509.5570792354797,825.2116348116533,433.0753572091297,835.1875115976989,464.6656336982743,841.8380961217292,504.5691408424568,1072.945908331787,123.82317684171448,1076.2712005938022,226.90723696418627,1081.259138986825,331.6539432176655,268.22518092410434,45.67880868435691,303.1407496752641,102.20877713861569,346.3695490814619,196.9796066060494
