scorer,DLC_dlcrnetms5_make_tea_pitcherJan29shuffle1_110000,DLC_dlcrnetms5_make_tea_pitcherJan29shuffle1_110000,DLC_dlcrnetms5_make_tea_pitcherJan29shuffle1_110000,DLC_dlcrnetms5_make_tea_pitcherJan29shuffle1_110000,DLC_dlcrnetms5_make_tea_pitcherJan29shuffle1_110000,DLC_dlcrnetms5_make_tea_pitcherJan29shuffle1_110000,DLC_dlcrnetms5_make_tea_pitcherJan29shuffle1_110000,DLC_dlcrnetms5_make_tea_pitcherJan29shuffle1_110000,DLC_dlcrnetms5_make_tea_pitcherJan29shuffle1_110000,DLC_dlcrnetms5_make_tea_pitcherJan29shuffle1_110000,DLC_dlcrnetms5_make_tea_pitcherJan29shuffle1_110000,DLC_dlcrnetms5_make_tea_pitcherJan29shuffle1_110000,DLC_dlcrnetms5_make_tea_pitcherJan29shuffle1_110000,DLC_dlcrnetms5_make_tea_pitcherJan29shuffle1_110000,DLC_dlcrnetms5_make_tea_pitcherJan29shuffle1_110000
individuals,pitcher,pitcher,pitcher,pitcher,pitcher,pitcher,pitcher,pitcher,pitcher,pitcher,pitcher,pitcher,pitcher,pitcher,pitcher
bodyparts,bodypart1,bodypart1,bodypart1,bodypart2,bodypart2,bodypart2,bodypart3,bodypart3,bodypart3,bodypart4,bodypart4,bodypart4,bodypart5,bodypart5,bodypart5
coords,x,y,likelihood,x,y,likelihood,x,y,likelihood,x,y,likelihood,x,y,likelihood
0,532.6539999999999,120.36800000000005,0.01,597.8299999999999,226.51200000000003,0.01,618.4309999999999,282.20700000000005,0.01,643.7562500000001,381.0664999999999,0.01,588.3320000000002,431.9009999999997,0.01
1,540.5999999999999,127.53900000000004,0.01,597.8299999999999,226.70100000000002,0.01,618.6469999999999,282.51500000000004,0.01,643.7715000000002,381.0664999999999,0.01,596.3330000000002,431.9009999999997,0.01
2,548.5459999999999,134.71000000000004,0.01,597.8299999999999,226.89000000000001,0.01,618.8629999999999,282.82300000000004,0.01,643.7867500000002,381.0664999999999,0.01,604.3340000000002,431.9009999999997,0.01
3,556.492,141.88100000000003,0.01,597.387,227.079,0.01,619.079,283.13100000000003,0.01,643.8020000000001,379.17599999999993,0.01,612.3350000000002,431.1969999999998,0.01
4,564.438,149.05200000000002,0.01,596.944,227.268,0.01,619.295,283.439,0.01,643.8172500000001,377.28549999999996,0.01,620.3360000000001,430.4929999999998,0.01
5,572.384,156.223,0.041999999433755875,596.501,227.457,0.4740000069141388,619.511,283.747,0.3109999895095825,643.8325000000001,375.395,0.01,628.3370000000001,429.7889999999999,0.01
6,575.879,163.394,0.4059999883174896,596.058,227.646,0.22599999606609344,619.727,284.055,0.023000000044703484,643.8477500000001,373.50449999999995,0.01,636.3380000000001,429.0849999999999,0.01
7,576.551,171.3,1.0,588.301,227.695,0.8989999890327454,619.727,300.115,0.36399999260902405,643.863,371.614,0.050999999046325684,644.339,428.381,0.14000000059604645
8,577.189,171.3,1.0,588.108,228.914,0.30000001192092896,620.071,300.115,0.05900000035762787,643.87825,369.7235,0.01,644.339,428.361,0.13300000131130219
9,577.189,171.362,1.0,588.108,232.526,0.9739999771118164,620.304,300.156,0.0560000017285347,643.8935,367.83299999999997,0.01,644.339,428.019,0.01
10,577.663,171.99,1.0,588.108,232.526,0.4090000092983246,620.902,300.156,0.027000000700354576,643.90875,365.9425,0.01,644.283,427.677,0.16099999845027924
11,580.863,171.99,1.0,594.831,233.12,0.9980000257492065,620.304,301.107,0.9990000128746033,643.90875,365.9425,0.08500000089406967,643.975,424.2275,0.0560000017285347
12,581.28,171.115,1.0,595.411,232.526,1.0,620.304,301.107,1.0,643.90875,365.9425,0.024000000208616257,643.9739999999999,424.2275,0.04600000008940697
13,581.28,171.99,1.0,595.684,232.526,0.9990000128746033,619.645,301.168,0.9440000057220459,643.924,364.24,0.01,643.9739999999999,424.2275,0.01
14,580.863,172.084,1.0,595.792,232.064,0.6129999756813049,619.645,301.168,0.02500000037252903,643.964,364.24,0.11100000143051147,643.975,424.2275,0.07599999755620956
15,580.782,172.084,1.0,596.05,229.848,0.9829999804496765,619.119,301.107,0.9459999799728394,643.964,364.298,0.0729999989271164,643.976,424.2275,0.8790000081062317
16,580.34,172.084,1.0,596.407,229.186,0.9990000128746033,618.692,300.862,0.45399999618530273,643.964,364.298,0.01,644.1215,420.275,0.027000000700354576
17,579.721,172.45,1.0,596.407,229.848,0.9980000257492065,619.119,301.168,0.6579999923706055,643.964,364.298,0.014000000432133675,644.1215,420.2485,0.01
18,578.97,172.45,1.0,596.05,229.848,0.9990000128746033,619.346,301.23,0.9570000171661377,643.9336666666667,366.7126666666667,0.01,644.1215,420.2485,0.11100000143051147
19,578.97,172.455,1.0,594.174,231.46,0.9980000257492065,619.346,300.862,0.6589999794960022,643.7433333333333,369.1273333333333,0.01,644.267,420.2485,0.04500000178813934
20,578.97,172.455,1.0,594.174,231.46,1.0,619.436,300.804,0.335999995470047,643.553,371.542,0.017000000923871994,652.455,425.589,0.9100000262260437
21,579.966,172.455,1.0,594.174,232.722,1.0,619.455,301.23,0.41499999165534973,641.0976666666667,371.73966666666666,0.01,652.67,425.749,0.9819999933242798
22,580.177,171.213,1.0,594.395,231.46,0.996999979019165,620.028,300.348,0.26499998569488525,641.0976666666667,371.73966666666666,0.01,652.67,425.749,0.8650000095367432
23,580.254,171.209,1.0,594.395,231.46,0.9980000257492065,620.065,292.621,0.6150000095367432,641.0976666666667,371.73966666666666,0.020999999716877937,652.698,425.82,0.8600000143051147
24,580.177,170.965,1.0,594.395,230.552,1.0,620.065,292.621,0.7839999794960022,638.6423333333333,364.113,0.0560000017285347,652.698,425.937,0.9160000085830688
25,580.177,170.965,1.0,590.708,230.552,1.0,627.58,300.369,0.5929999947547913,636.227,364.113,0.05000000074505806,652.626,426.077,0.8199999928474426
26,579.917,171.209,1.0,590.001,229.12,0.9620000123977661,627.689,300.369,0.1850000023841858,643.529,364.113,0.020999999716877937,652.626,426.124,0.9399999976158142
27,579.743,171.393,1.0,590.001,229.12,0.9980000257492065,627.689,300.952,0.19099999964237213,642.924,371.501,0.1459999978542328,652.626,426.148,0.9860000014305115
28,579.743,171.393,1.0,590.708,229.12,0.996999979019165,627.689,307.871,0.09000000357627869,642.924,371.505,0.032999999821186066,652.613,426.819,0.6200000047683716
29,579.743,171.393,1.0,594.284,230.26,0.9990000128746033,626.811,308.161,0.9990000128746033,643.23,371.534,0.32899999618530273,652.441,426.819,0.800000011920929
30,580.355,171.393,1.0,595.554,230.598,0.9950000047683716,621.49,308.269,0.9570000171661377,643.23,371.534,0.0560000017285347,651.537,426.819,0.7139999866485596
31,580.416,171.384,1.0,595.811,231.611,0.9990000128746033,620.9,307.871,0.8560000061988831,642.924,371.584,0.1340000033378601,651.537,426.342,0.01
32,580.929,171.34,1.0,596.863,231.611,1.0,619.887,307.871,0.9430000185966492,643.23,371.534,0.3370000123977661,651.537,425.022,0.8759999871253967
33,581.209,171.384,1.0,596.863,233.652,0.9990000128746033,619.499,308.269,0.8899999856948853,636.819,371.534,0.5080000162124634,651.537,422.902,0.40299999713897705
34,581.703,171.88,1.0,597.22,233.652,1.0,618.685,308.269,0.9269999861717224,636.747,364.18,0.03400000184774399,651.537,421.958,0.023000000044703484
35,581.785,171.55,1.0,596.863,233.938,1.0,618.685,307.723,0.9980000257492065,636.602,362.317,0.5619999766349792,651.231,421.958,0.9639999866485596
36,583.305,171.574,1.0,593.404,234.187,1.0,618.382,307.723,1.0,636.602,361.683,0.9710000157356262,650.703,422.536,0.9229999780654907
37,583.305,171.88,1.0,593.404,234.187,1.0,618.382,307.051,1.0,636.402,360.667,0.9639999866485596,650.703,422.536,0.9959999918937683
38,583.655,171.574,1.0,593.404,234.306,1.0,618.382,306.59,0.996999979019165,636.602,357.943,0.9940000176429749,651.231,422.296,0.9290000200271606
39,583.733,171.574,1.0,590.356,234.445,1.0,619.134,301.798,1.0,637.834,357.287,1.0,652.171,422.296,0.9890000224113464
40,583.547,171.815,1.0,590.356,234.306,1.0,619.134,299.805,1.0,637.834,356.907,1.0,652.171,421.041,1.0
41,583.547,171.815,1.0,594.078,232.337,1.0,619.386,299.537,1.0,636.157,356.182,0.996999979019165,652.171,421.038,0.9520000219345093
42,583.733,171.815,1.0,597.888,230.406,1.0,619.386,299.537,0.9959999918937683,635.668,356.182,0.9990000128746033,650.912,421.041,0.871999979019165
43,585.129,172.326,1.0,598.398,228.601,1.0,619.134,299.537,0.9959999918937683,635.557,357.287,0.9810000061988831,650.912,421.038,0.04600000008940697
44,585.129,171.815,1.0,599.886,227.683,1.0,618.326,307.752,1.0,628.561,362.834,0.9980000257492065,650.912,421.041,0.9440000057220459
45,587.838,171.646,0.9990000128746033,604.402,226.285,0.6949999928474426,618.326,307.851,0.9959999918937683,634.455,363.043,1.0,650.633,421.724,0.1589999943971634
46,587.838,171.198,1.0,604.402,226.285,1.0,618.203,307.851,1.0,634.455,363.043,1.0,650.633,422.18,0.7990000247955322
47,587.838,171.075,1.0,604.402,226.285,0.9990000128746033,618.326,307.851,0.984000027179718,634.455,362.834,0.9980000257492065,649.794,422.1,0.9990000128746033
48,581.128,171.075,1.0,603.759,227.538,1.0,618.961,306.606,1.0,634.455,361.587,1.0,649.794,422.1,1.0
49,581.128,170.974,0.9890000224113464,603.759,227.538,1.0,624.844,306.386,1.0,635.522,361.587,1.0,649.794,422.18,0.9929999709129333
50,581.128,170.974,1.0,603.189,228.644,0.9990000128746033,625.451,306.386,1.0,635.552,361.587,1.0,649.849,422.1,0.9990000128746033
51,581.128,170.974,1.0,603.759,227.538,1.0,626.499,306.16,1.0,635.552,361.587,1.0,650.095,421.853,0.9940000176429749
52,581.128,171.026,0.9990000128746033,604.009,227.232,1.0,626.499,305.87,1.0,635.552,361.587,1.0,650.455,421.795,0.9760000109672546
53,580.265,171.026,0.9980000257492065,604.009,227.232,0.9980000257492065,625.451,305.355,1.0,635.599,361.372,1.0,651.953,420.42,0.4560000002384186
54,580.265,171.099,0.9990000128746033,598.624,227.904,1.0,625.451,306.16,1.0,635.599,361.372,0.9990000128746033,659.915,420.202,0.02800000086426735
55,580.265,171.101,0.9990000128746033,596.704,227.904,0.9950000047683716,619.017,302.431,0.9890000224113464,635.371,361.298,1.0,659.915,419.853,0.22499999403953552
56,580.265,171.382,0.9990000128746033,596.011,229.038,0.8700000047683716,618.416,301.058,1.0,635.713,357.532,0.9909999966621399,659.915,419.853,0.07800000160932541
57,581.324,172.57,1.0,595.749,230.439,1.0,612.278,300.872,0.9760000109672546,628.716,355.95,0.9879999756813049,652.268,420.202,0.02500000037252903
58,581.324,172.884,0.14399999380111694,588.031,235.632,1.0,612.278,300.298,0.8209999799728394,628.716,355.95,1.0,652.246,420.714,0.925000011920929
59,578.731,172.994,0.9990000128746033,588.031,235.632,1.0,612.278,300.298,0.7409999966621399,636.251,355.95,0.9959999918937683,650.419,421.141,0.9980000257492065
60,578.731,172.994,1.0,588.031,235.632,1.0,620.064,300.756,0.9980000257492065,636.513,361.106,1.0,650.419,421.989,1.0
61,578.731,172.996,1.0,590.283,233.89,1.0,620.064,300.707,0.5979999899864197,636.513,361.106,0.9980000257492065,650.419,422.004,0.996999979019165
62,577.34,173.295,1.0,592.526,229.327,1.0,620.695,300.756,1.0,637.567,361.392,0.9990000128746033,650.554,422.207,0.5120000243186951
63,577.556,173.295,1.0,594.14,229.254,1.0,625.433,300.85,1.0,638.07,361.106,0.9700000286102295,651.106,423.414,0.9419999718666077
64,577.556,173.52,1.0,595.334,228.459,1.0,625.433,300.85,1.0,638.07,361.084,0.996999979019165,651.342,423.414,1.0
65,577.556,173.52,1.0,596.935,228.098,0.9990000128746033,625.433,300.707,0.9990000128746033,638.07,360.539,0.9890000224113464,651.342,423.414,0.996999979019165
66,579.986,173.295,1.0,604.898,226.749,1.0,626.703,300.34,0.7129999995231628,638.363,358.354,1.0,651.707,422.641,0.9990000128746033
67,581.504,173.065,1.0,607.634,226.664,0.9990000128746033,628.246,300.34,0.5210000276565552,638.363,358.354,1.0,659.071,421.908,0.9919999837875366
68,582.759,172.618,1.0,608.483,226.664,1.0,628.246,299.951,0.9990000128746033,637.966,360.539,1.0,659.071,421.908,0.8849999904632568
69,582.759,172.21,1.0,609.382,226.664,1.0,627.879,300.34,0.49900001287460327,637.966,360.595,0.7639999985694885,651.719,422.641,0.5709999799728394
70,582.172,171.954,1.0,610.026,226.664,1.0,627.879,300.35,0.9980000257492065,637.764,361.018,0.9879999756813049,651.707,422.784,1.0
71,582.172,170.238,1.0,611.115,225.99,1.0,628.148,300.364,0.7730000019073486,637.613,361.018,0.9950000047683716,651.68,422.784,0.9810000061988831
72,582.161,170.137,1.0,611.343,225.744,1.0,627.879,300.76,0.6690000295639038,637.613,361.331,0.9860000014305115,651.131,422.784,0.9819999933242798
73,582.161,170.137,1.0,611.795,225.417,0.9990000128746033,628.148,300.76,0.23800000548362732,636.736,361.331,0.9160000085830688,651.131,422.544,0.968999981880188
74,582.172,170.238,1.0,611.795,225.417,0.9990000128746033,629.072,300.364,0.11100000143051147,636.726,361.559,0.9760000109672546,651.119,422.544,0.9729999899864197
75,587.682,170.263,1.0,611.866,225.057,0.9990000128746033,635.366,299.958,0.16899999976158142,636.726,361.684,0.9399999976158142,651.131,422.544,0.9670000076293945
76,587.736,170.263,1.0,612.011,224.973,0.9990000128746033,635.366,299.958,0.15199999511241913,636.726,361.684,0.9919999837875366,651.131,422.608,0.9959999918937683
77,588.085,170.402,0.9990000128746033,612.011,224.973,1.0,635.366,292.725,0.17399999499320984,636.53,361.559,0.8730000257492065,651.119,422.735,0.9980000257492065
78,588.616,170.402,1.0,612.593,224.973,1.0,628.866,299.958,0.593999981880188,636.382,361.288,0.9190000295639038,650.669,422.771,0.996999979019165
79,588.616,170.599,1.0,612.427,225.098,1.0,628.866,299.958,0.3440000116825104,636.53,360.829,0.9520000219345093,650.669,422.771,0.9599999785423279
80,588.616,171.023,1.0,612.011,225.449,1.0,627.707,299.262,0.5210000276565552,636.53,360.785,0.6899999976158142,650.474,422.771,0.9850000143051147
81,582.329,171.023,1.0,612.427,225.687,1.0,627.707,298.735,0.5509999990463257,636.538,360.678,0.7459999918937683,650.669,422.864,0.9810000061988831
82,582.329,171.247,1.0,612.427,226.1,1.0,626.648,298.735,0.996999979019165,637.582,360.678,0.9990000128746033,650.731,422.931,0.9990000128746033
83,582.173,171.247,1.0,612.427,226.1,1.0,622.524,298.735,0.9990000128746033,637.684,360.678,0.996999979019165,650.976,423.055,1.0
84,581.677,170.977,1.0,612.297,226.1,1.0,621.687,299.262,0.9990000128746033,637.684,360.982,1.0,652.352,423.055,0.9990000128746033
85,582.329,170.977,1.0,612.754,226.008,1.0,621.687,298.735,0.8009999990463257,637.582,360.982,1.0,652.352,423.055,0.9990000128746033
86,588.281,170.714,0.9990000128746033,613.195,225.608,1.0,621.687,299.264,0.9850000143051147,637.138,360.982,0.996999979019165,652.352,421.472,0.9620000123977661
87,589.655,170.714,1.0,614.461,222.963,1.0,619.74,299.441,0.9279999732971191,637.138,360.919,0.9700000286102295,651.99,421.472,0.9160000085830688
88,589.655,170.799,0.9990000128746033,613.195,225.095,1.0,620.432,299.674,0.5640000104904175,636.733,360.755,0.6890000104904175,651.505,421.472,0.6549999713897705
89,589.655,170.799,1.0,613.195,225.095,0.9990000128746033,620.06,299.674,0.9229999780654907,636.733,360.451,0.9629999995231628,651.239,422.457,0.9950000047683716
90,579.852,170.714,1.0,614.461,221.318,0.9990000128746033,620.06,300.065,0.9959999918937683,636.868,360.538,0.8730000257492065,651.084,422.641,0.9350000023841858
91,579.852,170.799,1.0,605.875,223.476,0.9940000176429749,620.06,300.326,0.9959999918937683,636.911,360.4,0.9020000100135803,650.776,422.892,0.9459999799728394
92,579.852,170.872,0.9980000257492065,605.482,224.392,0.9860000014305115,620.06,307.053,0.9929999709129333,636.868,360.4,0.8579999804496765,650.776,422.641,0.9639999866485596
93,581.01,170.561,1.0,605.482,224.392,0.9990000128746033,619.874,307.751,0.41499999165534973,636.868,360.538,0.9229999780654907,651.084,422.641,0.9599999785423279
94,581.645,170.605,1.0,604.347,224.392,1.0,619.874,307.375,0.9869999885559082,636.868,360.779,0.5640000104904175,652.54,421.12,0.14800000190734863
95,581.645,170.872,1.0,603.894,225.962,1.0,619.874,307.375,0.9900000095367432,636.992,360.84,0.621999979019165,652.548,421.12,0.4320000112056732
96,581.917,170.661,1.0,603.894,225.962,0.9990000128746033,625.785,307.375,0.6169999837875366,636.656,362.48,0.28299999237060547,652.556,421.12,0.01
97,582.435,170.605,1.0,604.347,225.962,0.9990000128746033,625.785,307.375,0.9900000095367432,636.907,362.48,0.5130000114440918,652.556,421.162,0.4830000102519989
98,582.77,170.605,1.0,605.685,225.404,1.0,625.785,307.104,1.0,637.192,362.48,0.9990000128746033,658.58,423.777,1.0
99,582.891,170.661,1.0,605.685,225.282,1.0,620.555,306.76,0.9819999933242798,637.192,361.893,0.9900000095367432,658.994,423.777,1.0
100,582.891,170.22,1.0,605.688,225.098,1.0,620.282,305.021,0.9990000128746033,637.192,361.69,0.9940000176429749,659.433,423.777,1.0
101,582.77,170.22,1.0,605.685,224.775,0.9940000176429749,620.191,299.775,0.5640000104904175,637.384,361.419,0.9909999966621399,661.532,423.624,1.0
102,582.048,170.294,1.0,605.688,224.68,0.9980000257492065,620.191,299.437,0.4830000102519989,637.471,361.369,0.9919999837875366,661.532,422.84,1.0
103,581.584,170.368,1.0,605.611,224.68,0.9769999980926514,620.191,299.437,0.4869999885559082,637.471,361.367,0.9940000176429749,661.532,422.819,0.9990000128746033
104,581.304,170.294,1.0,605.611,224.68,1.0,620.285,299.437,0.777999997138977,637.473,361.214,0.9919999837875366,661.465,422.819,1.0
105,581.304,170.301,1.0,604.692,225.698,0.9610000252723694,620.285,299.765,0.5410000085830688,637.473,361.211,0.9139999747276306,661.417,422.259,1.0
106,580.744,170.301,1.0,603.483,225.946,0.9990000128746033,620.285,302.286,1.0,637.876,361.211,0.9869999885559082,660.436,422.278,1.0
107,579.56,170.548,1.0,603.483,225.946,0.9980000257492065,620.791,305.955,0.7639999985694885,638.018,361.214,0.9990000128746033,660.436,422.819,0.9990000128746033
108,579.115,170.548,1.0,595.673,227.767,0.9909999966621399,621.577,302.286,0.9779999852180481,638.018,361.587,0.9980000257492065,659.998,422.451,1.0
109,578.633,170.892,1.0,595.673,228.137,0.9959999918937683,621.11,301.811,1.0,638.018,362.158,1.0,660.121,422.451,1.0
110,578.633,170.918,1.0,595.673,228.5,0.9990000128746033,621.732,302.484,1.0,639.457,362.158,0.9940000176429749,660.436,422.824,1.0
111,578.768,170.918,1.0,595.673,229.445,1.0,621.732,302.384,1.0,639.457,361.587,0.9819999933242798,661.2,422.888,1.0
112,578.561,170.892,1.0,595.673,229.445,0.9990000128746033,621.11,302.384,1.0,638.194,361.36,1.0,661.2,422.888,1.0
113,578.768,170.976,1.0,596.631,229.445,0.9990000128746033,621.11,302.484,1.0,639.214,360.956,0.9940000176429749,661.938,422.888,1.0
114,579.073,170.852,1.0,605.1,228.778,1.0,621.164,302.721,1.0,639.214,358.965,0.9990000128746033,662.166,422.995,1.0
115,579.073,170.718,1.0,605.325,228.717,1.0,621.164,302.721,1.0,639.214,360.956,1.0,662.287,422.852,1.0
116,578.951,170.852,1.0,605.799,228.487,0.9990000128746033,621.531,302.721,1.0,639.214,361.028,1.0,662.166,422.852,1.0
117,579.073,170.489,1.0,607.133,227.407,1.0,621.975,301.873,1.0,639.487,361.028,0.9959999918937683,662.166,422.775,0.9990000128746033
118,579.073,170.472,0.9990000128746033,608.491,225.883,0.9929999709129333,622.857,299.943,1.0,639.487,361.028,0.9929999709129333,660.669,422.652,1.0
119,579.706,169.858,1.0,608.491,225.883,1.0,622.857,299.943,1.0,638.303,361.584,0.9980000257492065,660.257,422.652,1.0
120,581.625,169.858,1.0,607.133,225.883,1.0,622.857,299.251,1.0,638.303,361.584,0.9789999723434448,660.257,422.896,0.9990000128746033
121,583.036,169.65,1.0,609.036,226.172,0.9240000247955322,622.718,299.943,1.0,640.204,363.431,0.9919999837875366,660.669,422.896,1.0
122,583.036,169.858,1.0,606.299,226.696,0.9929999709129333,621.513,301.319,1.0,640.227,364.195,1.0,661.129,423.389,1.0
123,583.036,170.005,1.0,606.123,226.939,1.0,621.08,306.758,1.0,640.227,364.195,0.9990000128746033,661.129,423.389,1.0
124,582.756,170.03,1.0,606.123,226.696,0.9890000224113464,621.513,301.319,0.9990000128746033,640.314,364.195,0.9980000257492065,661.148,423.389,1.0
125,581.19,170.169,1.0,605.903,226.429,0.9810000061988831,621.84,307.776,1.0,640.383,363.838,0.9950000047683716,661.311,422.844,1.0
126,580.849,170.2,1.0,605.478,226.939,0.9959999918937683,621.675,308.014,1.0,640.383,362.965,0.9789999723434448,662.294,422.844,1.0
127,580.719,170.2,1.0,604.873,226.961,0.9879999756813049,621.675,307.776,1.0,640.314,362.724,0.9670000076293945,662.294,422.844,1.0
128,580.719,170.2,1.0,604.873,227.078,0.9980000257492065,621.84,307.118,0.9990000128746033,640.314,362.724,0.9100000262260437,662.294,423.159,1.0
129,580.849,170.198,1.0,597.676,227.941,0.972000002861023,621.675,307.58,1.0,640.002,362.686,0.972000002861023,661.805,423.159,1.0
130,579.818,170.433,1.0,596.107,228.708,0.9660000205039978,621.634,307.118,1.0,638.737,361.029,0.9869999885559082,661.439,423.159,1.0
131,579.755,170.414,1.0,596.107,228.708,0.9599999785423279,621.556,306.031,1.0,638.65,361.029,0.9950000047683716,660.575,422.971,1.0
132,579.921,170.198,1.0,597.477,228.708,0.9980000257492065,621.556,305.773,1.0,638.65,361.348,0.9890000224113464,660.575,422.971,1.0
133,579.899,170.081,1.0,597.477,228.708,0.9990000128746033,621.494,302.866,1.0,638.65,361.029,0.9990000128746033,660.575,422.971,1.0
134,579.79,169.967,1.0,597.501,228.708,0.9950000047683716,621.494,301.329,1.0,638.65,361.029,0.9980000257492065,660.756,423.267,1.0
135,579.79,169.967,1.0,597.811,229.213,0.9980000257492065,621.666,300.278,1.0,638.471,360.961,1.0,660.756,423.271,1.0
136,579.79,169.967,1.0,604.821,227.052,0.9990000128746033,625.226,299.973,1.0,638.471,360.961,1.0,660.921,423.402,1.0
137,579.775,170.294,1.0,604.821,227.052,0.9980000257492065,625.226,299.973,1.0,638.471,360.505,0.9990000128746033,661.043,423.402,1.0
138,579.145,170.319,1.0,604.192,227.164,1.0,625.226,299.973,1.0,638.471,360.961,1.0,661.043,423.402,1.0
139,579.054,170.319,1.0,604.192,227.164,0.9990000128746033,621.372,300.087,0.9990000128746033,638.471,360.961,1.0,666.476,422.394,1.0
140,579.054,170.537,1.0,604.192,227.164,0.9990000128746033,621.372,300.258,0.9990000128746033,638.588,360.925,1.0,666.778,422.394,1.0
141,578.974,170.743,1.0,597.748,229.551,0.9990000128746033,621.372,301.597,0.9959999918937683,638.588,360.86,1.0,666.778,422.394,1.0
142,578.974,170.866,1.0,594.587,229.551,0.9900000095367432,621.088,301.629,1.0,638.588,360.86,1.0,666.476,422.505,1.0
143,578.974,171.905,1.0,594.587,227.197,0.9990000128746033,621.088,301.597,1.0,638.477,360.86,0.9980000257492065,660.707,423.317,1.0
144,580.804,172.419,1.0,594.587,228.611,0.9990000128746033,620.847,301.629,0.5370000004768372,637.523,360.925,0.9940000176429749,658.42,423.317,1.0
145,587.568,172.614,1.0,594.837,227.953,0.9990000128746033,620.847,301.597,0.8240000009536743,637.523,360.86,0.515999972820282,658.362,423.317,1.0
146,588.148,172.614,1.0,594.837,227.953,1.0,619.3,306.775,1.0,637.368,360.49,0.9110000133514404,651.95,423.317,1.0
147,588.148,172.802,1.0,594.837,228.611,0.9990000128746033,620.544,303.674,0.5860000252723694,637.059,361.231,0.9129999876022339,651.95,422.531,1.0
148,588.148,172.802,1.0,594.837,228.611,0.996999979019165,619.548,306.018,0.9990000128746033,637.523,360.49,0.9750000238418579,651.95,421.754,0.9100000262260437
149,588.148,172.85,1.0,594.641,228.924,0.9829999804496765,620.544,303.674,1.0,637.714,360.49,0.9980000257492065,667.556,420.772,0.9629999995231628
150,589.035,172.802,1.0,594.466,230.007,0.9950000047683716,620.544,306.018,1.0,637.714,363.814,1.0,667.865,419.467,0.29100000858306885
151,588.121,172.802,1.0,592.749,231.31,1.0,620.544,303.674,1.0,641.828,364.044,1.0,668.251,411.858,0.8759999871253967
152,589.035,173.324,1.0,593.416,231.31,0.9980000257492065,619.548,303.436,1.0,642.271,363.814,0.9980000257492065,668.253,411.858,0.19599999487400055
153,589.226,173.324,1.0,593.416,231.31,1.0,620.575,302.356,0.9990000128746033,642.271,363.814,1.0,668.253,419.288,0.38600000739097595
154,589.28,173.712,1.0,594.466,231.171,1.0,619.368,302.356,1.0,642.339,364.232,0.4569999873638153,668.253,419.288,0.35499998927116394
155,589.28,173.712,1.0,603.562,229.08,1.0,618.743,302.356,1.0,642.339,364.816,0.17599999904632568,668.253,420.0155,0.01
156,589.28,173.712,1.0,603.562,229.08,1.0,619.368,307.221,0.1770000010728836,642.571,361.89,0.5540000200271606,671.9739999999999,420.0155,0.9950000047683716
157,590.117,173.712,1.0,603.788,228.227,0.9990000128746033,620.104,307.221,0.47999998927116394,643.131,361.89,0.17599999904632568,668.087,420.0155,0.9710000157356262
158,590.117,173.712,1.0,603.788,229.08,1.0,619.368,307.221,0.890999972820282,643.331,371.615,0.9580000042915344,668.087,419.828,0.17900000512599945
159,590.117,173.845,1.0,602.461,230.066,1.0,620.104,301.443,0.9990000128746033,643.331,371.61199999999997,0.05700000002980232,671.8299999999999,419.828,0.492000013589859
160,590.117,176.95,1.0,599.203,230.981,1.0,627.57,301.443,0.9279999732971191,642.571,371.452,0.017999999225139618,671.8299999999999,419.828,0.2540000081062317
161,590.117,179.633,1.0,598.782,236.874,1.0,620.104,301.443,0.33500000834465027,634.655,371.61199999999997,0.01,668.198,424.15049999999997,0.01
162,589.974,187.773,1.0,596.066,243.556,0.9990000128746033,618.861,316.727,0.1720000058412552,625.655,371.772,0.9160000085830688,668.198,436.676,0.9769999980926514
163,578.097,198.257,1.0,588.362,267.27,1.0,612.416,316.849,0.640999972820282,621.702,388.746,0.6899999976158142,640.55,451.983,0.9860000014305115
164,569.216,208.719,1.0,573.198,272.557,1.0,593.866,321.215,1.0,609.494,389.716,1.0,640.55,460.37,1.0
165,558.062,222.986,1.0,570.821,283.675,1.0,588.567,340.098,1.0,609.494,411.155,0.9959999918937683,639.004,471.95,1.0
166,553.694,237.856,1.0,566.688,304.491,1.0,587.303,357.148,0.9399999976158142,608.569,413.021,0.6230000257492065,639.004,483.859,1.0
167,541.882,247.738,1.0,559.631,307.898,1.0,586.519,388.906,0.9020000100135803,605.745,441.946,0.9980000257492065,630.204,493.507,1.0
168,532.509,269.874,1.0,555.6,322.732,1.0,571.116,391.45,0.9990000128746033,596.005,446.778,1.0,625.462,513.613,1.0
169,525.159,278.853,1.0,543.327,331.691,1.0,569.824,396.502,0.9399999976158142,595.293,475.168,0.9300000071525574,622.53,524.517,1.0
170,514.487,291.493,1.0,531.78,346.228,1.0,564.786,412.788,1.0,588.194,483.138,1.0,616.153,535.03,1.0
171,497.708,299.237,1.0,524.521,355.734,1.0,563.155,422.589,1.0,577.939,484.567,0.9710000157356262,605.871,540.995,1.0
172,495.049,311.317,1.0,516.197,363.663,0.9660000205039978,538.975,425.821,0.8370000123977661,562.394,490.192,1.0,595.623,547.65,1.0
173,490.936,326.56,1.0,512.664,377.93,1.0,537.894,427.354,0.9990000128746033,556.944,491.051,0.9869999885559082,591.209,556.071,1.0
174,483.572,326.98,0.9990000128746033,512.586,378.146,1.0,534.085,434.28,1.0,555.942,491.557,0.9390000104904175,590.568,558.972,1.0
175,480.696,326.98,1.0,509.306,378.327,1.0,533.141,434.28,0.6610000133514404,548.962,491.557,0.40299999713897705,590.347,559.43,1.0
176,480.696,326.56,1.0,509.306,379.323,1.0,532.577,435.92,1.0,548.962,491.557,1.0,589.22,560.959,1.0
177,478.747,326.98,1.0,507.926,385.678,1.0,532.577,436.485,0.9869999885559082,548.962,493.353,0.9279999732971191,588.766,562.229,1.0
178,478.214,326.98,1.0,506.995,385.678,1.0,532.577,436.485,0.9710000157356262,556.672,493.353,0.9779999852180481,588.82,562.26,1.0
179,478.214,329.649,1.0,507.926,386.084,1.0,533.141,441.77,0.9980000257492065,558.363,499.083,0.8610000014305115,588.82,563.839,1.0
180,478.747,329.722,1.0,507.926,386.283,1.0,533.337,441.77,1.0,558.363,501.131,0.8379999995231628,588.82,564.692,0.9810000061988831
181,478.747,329.722,1.0,507.926,386.283,1.0,534.215,441.77,0.9409999847412109,558.512,507.17,0.9990000128746033,588.766,564.692,1.0
182,479.859,329.722,1.0,509.955,387.255,1.0,536.249,442.386,1.0,558.512,507.874,0.19900000095367432,587.201,564.844,1.0
183,479.859,329.722,1.0,511.496,387.255,1.0,536.649,443.57,1.0,563.073,507.874,0.902999997138977,587.175,564.989,1.0
184,479.859,329.073,1.0,512.058,387.577,1.0,536.649,443.57,0.9980000257492065,562.993,507.874,0.9980000257492065,587.201,564.989,1.0
185,480.395,328.715,1.0,512.058,387.577,1.0,536.649,443.57,1.0,563.073,514.275,1.0,587.201,564.989,1.0
186,480.395,328.624,1.0,512.058,387.577,1.0,536.468,443.57,1.0,563.085,514.275,0.9909999966621399,588.744,565.586,1.0
187,480.022,328.232,1.0,512.315,387.167,1.0,536.468,442.878,1.0,563.073,512.526,1.0,588.744,565.984,1.0
188,480.022,327.9,1.0,512.315,384.505,1.0,536.468,441.327,1.0,562.993,512.526,1.0,590.262,565.984,0.9980000257492065
189,480.466,327.696,1.0,511.238,383.639,1.0,534.164,439.161,1.0,561.737,507.317,0.9869999885559082,589.156,565.984,1.0
190,480.022,327.696,1.0,511.622,384.114,1.0,537.188,441.327,1.0,561.737,507.317,0.972000002861023,589.156,564.98,0.9919999837875366
191,480.022,327.696,1.0,511.622,382.376,1.0,538.656,442.878,1.0,561.737,507.317,1.0,589.156,564.98,1.0
192,479.772,327.696,1.0,511.622,382.243,1.0,539.623,453.612,0.9700000286102295,564.862,521.865,0.7919999957084656,589.156,564.605,1.0
193,478.618,327.47,1.0,512.24,382.376,1.0,548.899,459.057,1.0,569.713,521.865,1.0,588.324,564.98,1.0
194,478.618,327.34,1.0,513.4,384.099,1.0,548.899,459.534,1.0,570.814,521.865,1.0,587.912,564.98,1.0
195,479.434,327.34,1.0,514.087,384.099,1.0,549.435,459.534,1.0,570.814,518.732,1.0,581.842,564.596,1.0
196,479.434,327.34,1.0,513.4,384.099,1.0,548.899,459.446,1.0,569.713,517.905,1.0,581.224,563.862,1.0
197,479.798,327.241,1.0,512.24,384.099,1.0,547.158,459.446,0.9869999885559082,561.944,507.299,0.16500000655651093,578.781,563.428,1.0
198,479.798,327.241,1.0,512.87,382.749,1.0,539.584,455.977,1.0,557.705,507.299,0.5559999942779541,578.781,563.428,1.0
199,480.507,327.186,1.0,511.955,382.749,1.0,539.584,452.813,1.0,557.655,491.55,0.41600000858306885,578.781,563.1,1.0
200,480.507,327.186,1.0,511.955,382.749,1.0,539.422,449.358,1.0,557.705,507.299,0.8840000033378601,579.221,563.428,1.0
201,480.507,327.529,1.0,512.87,384.28,1.0,539.358,443.452,1.0,557.655,507.463,0.8130000233650208,580.452,566.056,1.0
202,480.634,327.532,1.0,512.87,384.459,1.0,539.358,441.988,1.0,557.655,508.222,1.0,580.899,566.84,1.0
203,481.028,327.92,1.0,513.576,384.459,1.0,536.117,440.497,1.0,557.503,508.222,0.9929999709129333,580.899,566.84,1.0
204,480.634,327.92,1.0,513.576,384.814,1.0,535.011,440.497,1.0,562.502,508.222,1.0,580.899,566.84,1.0
205,480.634,327.92,1.0,512.913,384.459,1.0,534.794,440.497,1.0,557.503,501.445,0.9959999918937683,578.516,563.059,0.9990000128746033
206,480.517,327.92,1.0,512.313,384.456,1.0,534.624,439.697,1.0,562.502,501.367,0.9990000128746033,578.516,563.059,0.996999979019165
207,479.732,327.87,1.0,510.927,383.681,1.0,534.624,439.697,0.9990000128746033,562.502,500.335,0.9990000128746033,578.516,563.059,0.9990000128746033
208,479.717,327.707,1.0,509.13,381.139,1.0,534.624,439.432,1.0,562.879,500.335,0.8880000114440918,578.703,563.95,1.0
209,479.717,326.332,1.0,509.13,381.076,1.0,535.872,442.008,1.0,562.879,500.335,0.9789999723434448,586.728,565.745,1.0
210,479.5,326.145,1.0,509.13,381.076,1.0,536.919,442.008,1.0,562.879,499.667,0.9869999885559082,586.728,565.745,1.0
211,479.385,326.042,1.0,509.612,381.139,1.0,537.057,442.041,1.0,562.149,499.654,0.8510000109672546,581.722,565.744,1.0
212,479.5,325.596,1.0,511.316,383.283,1.0,537.057,442.041,1.0,562.149,499.654,0.6949999928474426,581.722,565.744,1.0
213,481.236,325.836,1.0,511.316,383.283,1.0,536.936,442.225,1.0,562.102,499.654,0.6830000281333923,577.355,565.142,1.0
214,479.101,325.836,1.0,512.379,383.542,1.0,537.057,442.225,1.0,562.149,499.97,0.9980000257492065,576.442,563.901,1.0
215,479.46,325.836,1.0,511.957,383.283,1.0,536.936,442.041,1.0,563.089,501.087,0.7839999794960022,576.442,563.901,1.0
216,481.059,325.836,1.0,512.42,384.03,1.0,536.936,442.07,1.0,563.866,507.853,0.257999986410141,576.442,563.901,1.0
217,480.504,326.081,1.0,512.42,384.943,1.0,536.936,442.07,1.0,563.23,507.853,0.9900000095367432,581.658,565.273,1.0
218,479.46,327.372,1.0,512.439,385.544,1.0,537.068,442.07,0.9990000128746033,563.449,507.853,0.9449999928474426,592.018,568.413,1.0
219,480.504,327.372,1.0,512.439,385.544,1.0,536.858,442.07,0.9929999709129333,563.449,507.853,1.0,592.018,568.413,1.0
220,480.504,327.809,1.0,512.689,385.544,1.0,537.882,442.703,0.7799999713897705,563.23,507.853,0.7630000114440918,592.018,568.413,1.0
221,480.274,327.809,1.0,512.439,385.684,1.0,537.772,442.703,1.0,562.516,506.895,0.8539999723434448,590.922,569.001,1.0
222,479.349,328.916,1.0,512.344,385.684,1.0,537.772,442.02,1.0,562.516,506.895,0.9110000133514404,590.922,566.305,0.996999979019165
223,479.285,328.619,1.0,512.344,385.684,1.0,537.772,442.02,0.9829999804496765,562.516,508.22,0.13600000739097595,590.922,566.224,0.9990000128746033
224,479.285,328.619,1.0,511.979,385.369,1.0,537.772,442.859,0.9779999852180481,563.418,508.22,0.5910000205039978,594.765,566.305,1.0
225,479.408,327.411,1.0,511.219,385.369,1.0,537.772,444.167,0.531000018119812,563.461,508.148,0.4050000011920929,594.765,566.085,0.9990000128746033
226,479.408,327.308,1.0,510.68,381.087,1.0,538.834,451.937,0.7609999775886536,563.462,515.306,0.8899999856948853,595.705,565.985,0.9919999837875366
227,479.419,327.308,1.0,510.68,381.087,1.0,538.834,451.937,0.7409999966621399,563.837,515.306,0.9200000166893005,595.857,566.085,0.9980000257492065
228,479.591,327.29,1.0,510.68,381.087,1.0,538.761,452.077,0.2849999964237213,563.879,508.148,0.7710000276565552,595.705,569.738,0.9980000257492065
229,479.591,327.308,1.0,513.872,382.622,1.0,538.834,452.077,0.3409999907016754,563.879,508.148,0.6389999985694885,589.665,568.357,0.9470000267028809
230,479.591,327.512,1.0,513.872,384.159,1.0,538.761,451.626,0.6010000109672546,563.462,507.317,0.949999988079071,592.336,568.357,0.9980000257492065
231,479.591,327.512,1.0,513.972,384.762,1.0,538.689,444.341,0.6890000104904175,556.251,507.317,0.3160000145435333,589.665,568.357,1.0
232,479.591,327.331,1.0,513.972,384.762,1.0,538.761,444.028,0.7789999842643738,556.142,505.743,0.12700000405311584,588.638,567.901,1.0
233,479.376,327.331,1.0,512.083,384.762,1.0,539.54,436.604,0.4740000069141388,556.142,501.297,0.0430000014603138,586.658,567.565,1.0
234,479.763,326.934,1.0,512.083,384.452,1.0,538.984,436.604,0.996999979019165,555.983,501.297,0.5849999785423279,586.588,567.076,1.0
235,479.763,326.934,1.0,514.075,384.452,1.0,539.54,436.881,1.0,556.142,507.553,0.4729999899864197,586.588,566.519,1.0
236,479.763,326.04,1.0,510.869,384.452,1.0,539.54,436.881,0.6370000243186951,556.142,506.388,0.05400000140070915,586.658,566.519,1.0
237,479.774,326.078,1.0,513.903,384.452,1.0,539.317,437.6,0.7369999885559082,555.77,507.344,0.10199999809265137,590.063,566.519,0.9980000257492065
238,480.187,326.078,1.0,513.903,385.111,1.0,538.984,437.666,0.9649999737739563,555.727,507.475,0.1589999943971634,590.063,566.519,1.0
239,480.231,326.078,1.0,512.383,385.111,1.0,538.269,438.529,0.9039999842643738,555.77,507.344,0.061000000685453415,593.286,566.019,1.0
240,480.231,326.078,1.0,512.196,385.111,1.0,538.269,438.529,0.8159999847412109,555.77,507.344,0.027000000700354576,593.286,566.971,0.753000020980835
241,480.231,326.344,1.0,512.383,385.111,1.0,538.629,442.96,0.9449999928474426,563.143,507.344,0.27300000190734863,593.286,565.923,0.9369999766349792
242,480.187,327.815,1.0,512.383,385.111,1.0,538.629,443.332,0.843999981880188,563.143,506.689,0.10199999809265137,589.425,565.868,0.9829999804496765
243,480.146,327.815,1.0,512.383,386.958,1.0,539.432,443.914,0.5339999794960022,564.047,505.745,0.578000009059906,589.425,565.868,1.0
244,480.107,327.815,1.0,512.477,386.958,1.0,539.548,443.914,0.7110000252723694,564.047,505.745,0.8799999952316284,578.636,564.563,0.9470000267028809
245,480.059,328.214,1.0,512.477,384.812,1.0,539.432,443.332,0.8040000200271606,563.143,505.566,0.9380000233650208,578.636,564.563,0.7160000205039978
246,480.107,328.214,1.0,512.317,384.812,1.0,539.432,442.395,1.0,565.271,505.745,0.9950000047683716,578.636,564.563,1.0
247,479.699,327.779,1.0,512.317,383.461,1.0,533.238,439.022,1.0,565.271,505.745,1.0,577.691,563.886,1.0
248,480.107,327.779,1.0,513.241,383.461,1.0,533.238,439.022,1.0,560.975,500.541,1.0,587.568,565.817,0.9959999918937683
249,479.699,328.074,1.0,512.875,384.312,1.0,532.799,438.951,1.0,558.061,499.312,0.9919999837875366,588.739,566.571,1.0
250,479.534,328.074,1.0,513.156,384.461,1.0,532.799,439.022,1.0,558.061,498.793,0.9990000128746033,588.933,566.571,1.0
251,479.426,328.074,1.0,513.241,384.461,1.0,533.113,439.347,1.0,557.243,492.844,0.9909999966621399,589.585,566.571,1.0
252,479.492,328.502,1.0,513.156,384.461,1.0,534.153,439.371,1.0,557.243,492.844,0.9860000014305115,590.22,566.638,1.0
253,479.492,328.957,1.0,512.875,384.544,1.0,533.113,439.737,1.0,557.243,492.753,0.9409999847412109,590.22,566.638,1.0
254,479.534,328.968,1.0,512.409,385.035,1.0,534.153,439.737,1.0,557.361,492.844,1.0,591.469,566.679,1.0
255,480.572,328.968,1.0,512.281,385.252,1.0,534.153,440.31,1.0,558.42,499.667,0.9900000095367432,592.385,566.989,1.0
256,480.572,329.041,1.0,511.965,386.261,1.0,534.028,440.31,1.0,558.713,500.102,0.9959999918937683,591.469,567.201,1.0
257,480.572,328.957,1.0,511.654,386.497,1.0,533.889,440.31,1.0,558.868,500.269,0.9980000257492065,591.469,567.468,1.0
258,480.244,328.278,1.0,511.195,386.497,1.0,534.028,440.31,1.0,558.868,501.74,0.9020000100135803,592.418,567.834,1.0
259,480.108,327.51,1.0,511.179,387.156,1.0,534.028,440.31,1.0,559.373,501.74,0.9929999709129333,591.177,567.834,1.0
260,479.959,327.51,1.0,511.075,387.156,1.0,535.026,440.389,1.0,559.414,501.74,0.7170000076293945,591.177,567.723,1.0
261,479.959,327.51,1.0,511.075,386.497,1.0,535.579,440.389,1.0,559.373,506.935,0.9070000052452087,590.264,567.468,1.0
262,479.471,327.903,1.0,510.092,385.336,1.0,535.579,440.547,1.0,558.567,506.935,0.9660000205039978,592.546,567.723,1.0
263,479.311,328.216,1.0,509.543,384.818,1.0,535.579,440.211,1.0,558.567,507.268,0.9700000286102295,592.179,567.723,1.0
264,479.311,328.479,1.0,509.543,384.336,1.0,535.857,440.211,1.0,558.567,507.268,0.9990000128746033,592.179,567.969,1.0
265,479.311,328.569,1.0,509.423,384.137,1.0,535.87,440.056,1.0,558.567,507.268,0.9879999756813049,592.179,568.098,1.0
266,479.147,329.078,1.0,509.26,384.08,1.0,535.87,439.738,1.0,558.533,501.953,0.9240000247955322,592.376,568.186,1.0
267,479.147,329.078,1.0,508.876,383.81,1.0,535.87,439.738,1.0,558.569,501.692,0.7749999761581421,592.179,568.186,1.0
268,479.037,329.173,1.0,508.876,383.81,1.0,535.87,439.998,1.0,558.569,501.49,0.6610000133514404,591.536,568.186,1.0
269,479.037,329.078,1.0,508.628,383.326,1.0,535.87,439.998,1.0,558.543,501.379,0.7390000224113464,591.198,567.952,1.0
270,480.26,327.85,1.0,508.628,383.25,1.0,536.408,440.784,1.0,558.543,501.379,0.6600000262260437,590.978,567.952,1.0
271,481.173,327.425,1.0,509.307,383.55,1.0,536.408,440.851,1.0,558.543,501.49,0.13600000739097595,589.994,567.692,1.0
272,481.306,327.376,1.0,511.315,383.55,1.0,536.408,441.839,1.0,557.265,506.786,0.15299999713897705,589.631,567.755,1.0
273,481.405,327.28,1.0,509.307,382.636,1.0,536.408,441.839,1.0,557.265,506.848,0.6209999918937683,589.397,567.755,1.0
274,482.11,327.376,1.0,510.122,382.636,1.0,536.544,441.839,1.0,557.265,507.17,0.1979999989271164,589.397,567.755,1.0
275,482.11,327.425,1.0,510.122,381.092,1.0,537.427,441.617,1.0,556.925,507.17,0.9179999828338623,589.047,566.884,1.0
276,482.11,327.49,1.0,510.122,381.092,1.0,537.427,440.867,1.0,556.878,507.013,0.13600000739097595,589.047,567.269,1.0
277,481.851,327.563,1.0,509.001,381.092,1.0,537.427,440.512,1.0,556.925,507.013,0.19599999487400055,588.903,566.884,0.9990000128746033
278,481.851,327.563,1.0,510.122,381.092,1.0,537.281,440.512,1.0,556.925,506.334,0.4869999885559082,588.888,566.277,1.0
279,481.851,327.563,1.0,509.314,381.09,1.0,536.71,440.233,1.0,556.925,506.283,0.8130000233650208,588.844,566.176,1.0
280,483.05,327.409,1.0,510.206,381.641,1.0,536.319,440.039,1.0,556.878,506.242,0.7710000276565552,588.844,566.152,1.0
281,483.38,327.409,1.0,510.206,381.641,1.0,536.319,440.039,1.0,557.224,505.967,0.5519999861717224,588.844,566.152,1.0
282,483.38,327.409,1.0,510.269,382.406,1.0,536.655,440.681,1.0,557.305,505.884,0.5690000057220459,588.844,566.176,1.0
283,483.38,327.566,1.0,510.269,383.027,1.0,536.211,439.497,1.0,558.846,501.707,0.8240000009536743,590.625,566.137,1.0
284,482.135,327.96,1.0,510.818,383.067,1.0,536.655,443.035,1.0,558.846,501.707,0.9649999737739563,592.069,567.718,1.0
285,482.003,327.96,1.0,511.592,383.344,1.0,536.655,443.097,1.0,559.098,501.707,0.7749999761581421,592.069,567.718,1.0
286,481.098,327.566,1.0,511.934,383.528,1.0,536.655,444.643,1.0,559.468,508.073,0.8519999980926514,592.069,566.04,1.0
287,481.098,327.501,1.0,513.265,383.597,1.0,537.931,444.643,1.0,562.872,508.193,0.9129999876022339,591.787,565.99,1.0
288,481.069,327.377,1.0,513.265,383.678,1.0,537.931,444.643,1.0,562.872,508.193,1.0,590.941,565.99,1.0
289,481.069,327.377,1.0,513.931,384.337,1.0,537.653,444.106,1.0,562.872,508.073,1.0,590.22,565.99,1.0
290,480.154,327.501,1.0,513.931,384.892,1.0,537.931,440.881,1.0,561.109,500.244,0.9959999918937683,590.22,565.613,1.0
291,480.154,327.518,1.0,514.154,386.884,1.0,537.931,440.881,1.0,561.109,500.244,1.0,590.4,565.613,1.0
292,480.154,327.662,1.0,514.154,386.884,1.0,537.653,440.881,1.0,561.109,500.023,0.996999979019165,590.22,566.16,1.0
293,482.266,327.662,1.0,513.931,386.884,1.0,538.484,440.881,1.0,561.552,500.244,1.0,590.22,566.956,1.0
294,482.266,327.662,1.0,514.405,386.5,1.0,538.881,440.881,1.0,562.751,501.957,0.9800000190734863,590.4,567.689,0.9990000128746033
295,483.556,327.662,1.0,516.182,386.5,1.0,539.864,440.125,1.0,562.751,506.036,0.9990000128746033,590.888,568.562,1.0
296,483.556,327.089,1.0,515.11,384.806,1.0,539.939,438.359,1.0,562.751,501.957,0.9440000057220459,589.798,568.562,1.0
297,482.79,327.089,1.0,515.11,384.806,1.0,539.939,438.359,1.0,562.06,501.957,0.8149999976158142,589.798,568.562,0.9980000257492065
298,482.251,327.121,1.0,515.11,385.041,1.0,539.939,440.125,1.0,561.144,501.533,0.9449999928474426,589.286,566.925,0.9990000128746033
299,481.394,327.121,1.0,515.001,386.411,1.0,539.087,441.338,0.9990000128746033,556.736,501.347,0.996999979019165,589.286,566.925,1.0
300,480.869,327.121,1.0,515.001,386.411,1.0,539.087,442.424,0.675000011920929,556.169,500.964,0.23800000548362732,588.831,566.925,0.9440000057220459
301,480.754,327.121,1.0,514.879,386.411,1.0,538.697,442.424,0.9890000224113464,556.169,500.914,0.43700000643730164,588.831,566.925,0.9929999709129333
302,480.674,326.606,1.0,514.361,386.411,1.0,538.697,442.475,0.9440000057220459,556.169,491.066,0.1850000023841858,588.677,565.762,0.9980000257492065
303,480.232,326.362,1.0,513.901,385.817,1.0,538.256,442.424,0.859000027179718,556.304,491.066,0.9240000247955322,588.952,569.794,0.9010000228881836
304,480.232,326.606,1.0,513.901,385.817,1.0,538.256,442.853,0.9259999990463257,556.554,491.066,0.6620000004768372,588.952,569.794,0.9990000128746033
305,480.232,326.606,1.0,513.165,385.817,1.0,538.256,442.853,0.9850000143051147,556.757,491.066,0.33799999952316284,594.43,569.794,1.0
306,480.148,327.079,1.0,513.165,384.556,1.0,538.257,442.853,0.777999997138977,563.846,506.8,0.12399999797344208,594.43,570.371,1.0
307,480.089,327.885,1.0,512.894,385.775,1.0,538.257,452.761,0.8820000290870667,564.285,506.8,0.30300000309944153,594.43,571.056,0.9990000128746033
308,480.089,328.05,1.0,512.894,385.775,1.0,538.257,452.761,0.996999979019165,564.285,506.8,0.9490000009536743,593.199,571.056,0.996999979019165
309,480.089,328.417,1.0,511.926,384.556,1.0,538.257,443.619,0.9980000257492065,564.285,506.552,0.906000018119812,593.061,570.371,0.9990000128746033
310,480.559,328.592,1.0,511.926,384.422,1.0,538.149,443.272,1.0,564.069,505.455,0.9750000238418579,592.241,568.644,1.0
311,480.559,328.619,1.0,511.969,384.009,1.0,537.721,443.272,1.0,562.423,501.074,0.9200000166893005,591.951,567.991,1.0
312,480.693,328.747,1.0,511.969,384.009,1.0,538.149,443.272,1.0,562.423,500.986,0.8289999961853027,590.926,567.581,1.0
313,480.572,328.747,1.0,510.649,383.86,1.0,538.801,443.272,1.0,562.423,500.97,0.9419999718666077,590.364,567.719,1.0
314,480.572,328.592,1.0,511.969,384.009,1.0,538.856,442.983,1.0,561.872,500.97,0.9539999961853027,589.474,567.991,1.0
315,480.572,328.457,1.0,511.612,384.017,1.0,539.219,442.921,0.9950000047683716,561.841,500.97,0.9620000123977661,589.474,567.719,1.0
316,480.693,328.251,1.0,510.649,384.491,1.0,539.219,442.921,0.9259999990463257,561.841,500.977,0.7699999809265137,589.474,567.719,1.0
317,480.572,328.251,1.0,510.742,384.491,1.0,538.856,441.53,0.9070000052452087,561.841,500.977,0.6589999794960022,590.526,567.719,1.0
318,480.531,328.251,1.0,511.513,384.491,1.0,538.065,441.53,0.9670000076293945,562.432,501.371,0.5090000033378601,590.853,568.228,1.0
319,480.531,327.567,1.0,511.513,384.491,1.0,534.519,441.53,1.0,563.144,505.986,0.9269999861717224,592.663,568.258,1.0
320,480.343,327.819,1.0,511.513,384.97,1.0,534.519,441.53,1.0,563.391,506.303,0.9700000286102295,594.918,568.274,1.0
321,480.063,327.819,1.0,513.329,386.855,1.0,534.519,444.219,0.9940000176429749,563.391,506.321,0.9150000214576721,594.92,568.366,1.0
322,480.063,327.819,1.0,513.329,386.855,1.0,534.519,444.275,0.9810000061988831,563.391,506.321,0.906000018119812,595.463,569.168,1.0
323,480.343,328.031,1.0,513.329,386.855,1.0,537.384,444.275,0.9829999804496765,563.566,506.303,0.9710000157356262,604.44,569.671,1.0
324,480.343,328.139,1.0,513.488,386.855,1.0,537.822,444.219,0.9340000152587891,563.566,506.138,0.8050000071525574,604.44,570.291,1.0
325,480.385,328.139,1.0,513.488,384.834,1.0,537.822,444.219,0.9980000257492065,563.566,506.138,0.5649999976158142,604.44,570.291,1.0
326,480.679,328.139,1.0,512.512,384.707,1.0,537.384,443.178,1.0,562.252,500.662,0.8610000014305115,603.819,570.291,0.9990000128746033
327,480.679,328.712,1.0,512.512,384.232,1.0,537.384,442.09,0.9599999785423279,562.156,501.082,0.9990000128746033,600.67,567.698,1.0
328,480.797,329.417,1.0,512.512,383.972,1.0,537.16,439.443,1.0,560.483,501.082,0.9990000128746033,593.783,566.838,1.0
329,480.679,329.417,1.0,511.105,383.972,1.0,535.445,439.419,1.0,560.483,502.799,1.0,591.295,566.838,1.0
330,480.334,329.417,1.0,510.172,382.721,1.0,535.445,439.419,1.0,560.483,502.799,1.0,591.295,566.838,1.0
331,479.929,329.287,1.0,510.172,383.972,1.0,535.445,439.443,1.0,561.427,506.504,1.0,591.161,566.945,1.0
332,479.929,328.964,1.0,510.172,383.694,1.0,536.557,446.22,1.0,561.427,506.596,1.0,588.939,568.133,1.0
333,479.705,328.746,1.0,511.503,383.694,1.0,538.32,446.22,1.0,561.427,506.504,1.0,589.415,568.133,1.0
334,479.669,328.746,1.0,511.743,383.595,1.0,538.372,446.22,1.0,561.427,506.504,1.0,589.415,568.133,1.0
335,479.929,328.887,1.0,513.17,383.694,1.0,538.372,446.22,1.0,561.427,500.273,0.9879999756813049,589.415,566.072,1.0
336,479.53,328.746,1.0,517.511,383.694,1.0,538.804,450.351,1.0,562.334,500.273,0.9990000128746033,589.415,566.013,1.0
337,479.53,328.746,1.0,517.511,384.009,1.0,538.804,442.952,0.9869999885559082,562.36,500.273,0.8190000057220459,589.415,565.647,1.0
338,479.637,328.887,1.0,517.511,385.19,1.0,538.804,452.448,0.9909999966621399,562.568,500.843,0.984000027179718,586.564,565.647,0.9950000047683716
339,480.1,328.671,1.0,514.198,385.19,1.0,538.229,452.448,1.0,562.95,501.078,0.9990000128746033,586.564,566.013,1.0
340,480.783,328.671,1.0,514.142,384.745,1.0,538.109,443.66,0.9990000128746033,565.79,502.134,1.0,586.564,564.872,1.0
341,480.783,328.852,1.0,512.854,384.153,1.0,537.838,442.952,0.9990000128746033,565.79,502.134,1.0,586.564,564.872,1.0
342,480.783,328.852,1.0,512.854,384.745,1.0,538.109,443.66,0.9980000257492065,565.79,506.485,0.9980000257492065,586.53,564.872,1.0
343,479.459,328.671,1.0,512.854,384.745,1.0,538.229,443.66,0.996999979019165,562.529,506.485,0.6190000176429749,586.653,564.071,0.9980000257492065
344,479.459,328.356,1.0,511.619,384.745,1.0,538.238,452.215,0.9890000224113464,562.529,507.132,0.5839999914169312,577.095,561.823,1.0
345,479.459,328.356,1.0,511.631,381.922,1.0,538.316,452.215,1.0,562.203,507.132,0.9959999918937683,577.095,561.296,1.0
346,480.309,328.356,1.0,511.858,382.681,1.0,538.316,452.215,0.996999979019165,561.559,507.132,0.8859999775886536,577.486,561.296,1.0
347,481.143,329.774,1.0,511.824,382.681,1.0,538.238,443.108,1.0,561.559,508.499,0.6700000166893005,578.862,561.518,1.0
348,481.143,329.774,1.0,511.824,382.681,1.0,538.238,443.108,1.0,561.559,508.499,0.9990000128746033,578.862,561.518,1.0
349,481.143,329.774,1.0,511.858,382.681,1.0,537.272,443.108,1.0,561.526,509.512,1.0,585.882,563.684,1.0
350,479.802,327.905,1.0,511.988,383.412,1.0,534.688,443.108,1.0,561.526,509.512,0.9990000128746033,586.017,565.816,1.0
351,479.802,327.231,1.0,513.187,384.131,1.0,537.272,450.478,1.0,561.526,509.856,1.0,593.73,566.497,1.0
352,479.348,327.231,1.0,513.187,383.412,1.0,537.803,451.365,0.9900000095367432,561.782,509.512,0.9890000224113464,587.02,565.816,1.0
353,479.256,327.231,1.0,513.084,383.16,1.0,537.272,450.478,1.0,563.661,510.185,1.0,593.648,566.497,0.9990000128746033
354,479.348,327.739,1.0,513.084,383.16,1.0,533.171,444.154,1.0,563.812,510.185,1.0,593.648,569.883,1.0
355,479.679,328.292,1.0,511.916,382.575,1.0,533.151,444.154,1.0,564.326,510.185,1.0,589.594,569.883,0.9800000190734863
356,479.679,328.292,1.0,511.368,382.575,1.0,533.029,444.126,1.0,563.812,509.866,1.0,587.546,566.414,0.8029999732971191
357,479.905,328.292,1.0,511.368,382.575,1.0,533.029,444.126,1.0,564.326,510.185,1.0,587.546,566.414,0.9869999885559082
358,480.085,327.603,1.0,511.368,382.798,1.0,533.151,444.154,1.0,563.812,509.866,1.0,582.271,564.941,0.9990000128746033
359,480.085,327.603,1.0,514.755,382.8,1.0,533.151,444.126,1.0,558.968,500.435,0.9909999966621399,581.039,563.962,1.0
360,480.414,327.472,1.0,514.755,382.8,1.0,538.106,443.139,0.9940000176429749,558.968,499.903,0.8640000224113464,580.911,563.426,1.0
361,480.085,327.603,1.0,514.755,382.995,1.0,538.106,442.809,0.9980000257492065,559.07,499.903,0.9900000095367432,581.039,563.91,1.0
362,480.085,327.603,1.0,514.368,383.154,1.0,537.614,442.176,0.9990000128746033,559.07,499.903,0.9020000100135803,581.039,563.536,1.0
363,479.663,327.028,1.0,512.252,382.8,1.0,537.58,441.821,0.9980000257492065,562.193,507.781,0.9980000257492065,581.34,562.379,1.0
364,479.663,325.53,1.0,512.047,381.968,1.0,537.614,437.314,1.0,562.774,516.263,1.0,581.34,562.379,0.9990000128746033
365,479.587,325.505,1.0,511.716,383.154,1.0,537.614,441.821,1.0,562.774,516.263,0.9959999918937683,581.571,563.392,1.0
366,479.663,325.328,1.0,511.048,381.968,1.0,537.58,437.027,0.9990000128746033,562.774,516.263,0.9990000128746033,581.571,562.961,1.0
367,479.587,324.956,1.0,511.048,380.91,1.0,535.267,436.633,0.9980000257492065,558.424,500.788,0.984000027179718,582.264,562.379,0.9980000257492065
368,479.587,324.653,1.0,511.048,379.645,1.0,535.267,436.633,1.0,558.121,499.34,1.0,587.723,558.303,1.0
369,479.587,314.091,1.0,511.869,374.678,1.0,534.831,434.867,1.0,557.435,493.696,0.9940000176429749,588.074,558.303,1.0
370,480.084,313.808,1.0,512.128,373.412,1.0,534.831,434.529,0.996999979019165,557.435,493.448,1.0,588.963,556.07,0.9990000128746033
371,481.571,313.351,1.0,512.785,372.732,1.0,535.267,427.316,1.0,558.121,491.31,0.9950000047683716,592.515,554.177,1.0
372,486.023,307.318,1.0,515.951,366.165,1.0,536.935,422.799,1.0,563.153,478.322,0.9909999966621399,593.168,548.25,0.3490000069141388
373,508.169,291.569,1.0,531.324,349.14,1.0,550.563,403.137,1.0,563.334,459.36,0.9580000042915344,596.353,531.357,0.5669999718666077
374,525.454,267.82,0.9520000219345093,548.668,326.594,1.0,578.019,379.675,1.0,590.035,438.874,0.9810000061988831,619.066,498.975,1.0
375,554.4,243.947,0.8420000076293945,579.24,300.274,0.9290000200271606,601.378,355.802,0.9779999852180481,611.987,416.98,1.0,643.433,482.786,1.0
376,585.491,227.96,0.9559999704360962,605.264,283.708,1.0,614.122,337.696,1.0,635.73,396.482,0.9980000257492065,675.879,460.981,1.0
377,651.319,190.657,0.1850000023841858,670.819,249.738,0.7689999938011169,680.816,298.566,1.0,691.774,356.305,0.15199999511241913,740.093,428.514,0.27799999713897705
378,698.346,163.832,0.6399999856948853,706.402,235.042,0.9980000257492065,712.759,282.603,0.996999979019165,724.321,345.285,0.08500000089406967,770.205,410.88,0.9559999704360962
379,748.587,156.91,0.6240000128746033,740.156,219.983,0.25600001215934753,763.08,267.424,0.5600000023841858,763.863,341.795,0.3179999887943268,812.574,393.237,0.9879999756813049
380,811.295,141.669,0.8119999766349792,827.923,188.081,0.6779999732971191,809.46,267.116,0.9769999980926514,812.765,339.303,0.5860000252723694,847.491,384.33,1.0
381,862.004,125.5,0.5379999876022339,879.752,180.247,0.5249999761581421,860.184,252.186,0.0689999982714653,844.168,331.223,0.10000000149011612,875.217,374.427,1.0
382,925.045,120.473,0.9990000128746033,924.657,175.339,0.02800000086426735,915.636,244.417,0.14499999582767487,899.612,308.424,0.041999999433755875,924.642,374.427,0.9990000128746033
383,1022.126,120.473,1.0,1007.394,175.339,0.996999979019165,1019.984,244.088,0.03400000184774399,978.852,308.424,0.7009999752044678,981.576,374.427,1.0
384,1070.077,120.473,1.0,1046.001,175.339,1.0,1075.67,236.334,0.08299999684095383,1022.634,308.424,0.9800000190734863,1009.308,380.994,1.0
385,1108.871,121.58,1.0,1109.536,180.261,1.0,1076.209,244.088,0.08699999749660492,1053.599,312.802,0.7239999771118164,1038.627,382.081,1.0
386,1154.822,130.283,1.0,1132.949,183.456,1.0,1156.171,244.088,0.11800000071525574,1078.179,317.25,0.9959999918937683,1064.488,383.459,1.0
387,1197.54,133.524,0.9980000257492065,1186.815,196.523,1.0,1162.181,253.251,0.9850000143051147,1121.844,324.081,0.9300000071525574,1102.031,383.459,1.0
388,1215.404,140.122,0.8090000152587891,1198.885,197.677,0.9990000128746033,1171.98,253.251,0.052000001072883606,1134.436,324.081,0.7450000047683716,1108.162,383.476,1.0
389,1245.144,147.507,0.9980000257492065,1212.417,202.529,1.0,1172.859,259.973,0.03700000047683716,1137.467,324.081,0.9570000171661377,1115.091,383.476,1.0
390,1258.652,149.949,0.9919999837875366,1214.137,203.2,0.8569999933242798,1172.859,260.029,0.035999998450279236,1139.724,326.908,0.949999988079071,1115.111,383.476,1.0
391,1260.3,150.368,0.9679999947547913,1214.877,204.004,0.9509999752044678,1211.743,260.041,0.6970000267028809,1140.401,329.605,0.2980000078678131,1117.86,384.798,1.0
392,1260.3,155.774,0.9409999847412109,1215.166,205.685,0.9990000128746033,1227.774,260.041,0.09600000083446503,1140.401,342.105,0.7990000247955322,1124.619,390.815,1.0
393,1264.495,156.544,0.7789999842643738,1215.229,206.042,0.9990000128746033,1187.708,267.843,0.0560000017285347,1140.704,342.105,0.9700000286102295,1130.244,390.964,1.0
394,1267.395,156.994,0.9789999723434448,1221.71,210.152,0.9679999947547913,1227.774,267.843,0.061000000685453415,1140.401,345.6,0.14900000393390656,1130.244,390.964,1.0
395,1276.181,158.2,0.9639999866485596,1229.479,210.585,0.9729999899864197,1227.774,267.843,0.1599999964237213,1140.232,342.105,0.5550000071525574,1124.619,390.815,1.0
396,1276.38,163.791,0.8309999704360962,1230.142,211.205,0.9990000128746033,1187.708,267.843,0.04800000041723251,1131.704,340.494,0.03999999910593033,1117.336,384.254,1.0
397,1276.38,163.791,0.9169999957084656,1229.817,217.818,1.0,1171.769,268.54,0.18400000035762787,1123.307,329.462,0.026000000536441803,1106.967,384.254,1.0
398,1276.38,174.052,0.4390000104904175,1229.479,217.885,0.9950000047683716,1162.786,268.54,0.9869999885559082,1099.941,324.231,0.02500000037252903,1100.808,384.254,1.0
399,1276.38,175.265,0.593999981880188,1229.479,221.413,0.9860000014305115,1162.553,274.667,0.9729999899864197,1096.0695,324.231,0.01,1083.719,387.223,0.9990000128746033
400,1284.248,178.405,0.9549999833106995,1223.807,227.577,1.0,1153.903,276.071,1.0,1092.198,324.231,0.061000000685453415,1066.94,387.223,0.996999979019165
401,1285.246,179.063,0.9909999966621399,1219.859,241.086,1.0,1149.739,276.14,1.0,1084.447,325.653,0.03099999949336052,1059.944,387.223,0.527999997138977
402,1289.881,179.85,0.9800000190734863,1219.859,245.984,1.0,1148.015,282.846,1.0,1076.499,328.63750000000005,0.19599999487400055,1023.998,360.1685,0.01
403,1290.234,181.057,0.9940000176429749,1221.973,248.732,1.0,1148.015,286.888,1.0,1071.57,328.63750000000005,0.01,988.052,333.43,0.0560000017285347
404,1300.324,196.519,0.9990000128746033,1223.807,252.948,1.0,1144.759,293.922,1.0,1058.693,328.028,0.9990000128746033,981.926,332.965,0.9959999918937683
405,1316.1950000000002,216.26850000000002,0.01,1226.455,259.486,1.0,1144.759,293.922,1.0,1051.454,328.028,0.7749999761581421,977.897,323.907,0.9570000171661377
406,1316.287,227.177,0.04399999976158142,1226.615,260.182,1.0,1143.837,294.335,1.0,1051.166,325.424,0.9750000238418579,977.897,332.965,0.9900000095367432
407,1323.212,228.179,0.9350000023841858,1233.348,266.652,1.0,1143.837,293.922,0.9990000128746033,1051.166,315.569,0.9919999837875366,977.897,325.36,0.9649999737739563
408,1332.066,228.533,0.08699999749660492,1240.292,268.275,1.0,1144.96,293.922,1.0,1051.166,312.849,1.0,979.736,325.36,0.9829999804496765
409,1339.801,228.533,0.03099999949336052,1241.798,268.275,1.0,1146.007,292.172,0.9350000023841858,1053.014,310.324,1.0,981.651,325.36,1.0
410,1344.2179999999998,232.168,0.01,1249.99,269.602,0.8460000157356262,1147.587,291.195,0.9559999704360962,1057.707,309.707,1.0,985.788,325.36,1.0
411,1348.635,236.157,0.08699999749660492,1250.491,268.784,1.0,1148.561,283.523,1.0,1060.574,306.894,1.0,987.649,318.35,1.0
412,1355.15,236.799,0.0989999994635582,1255.543,268.784,1.0,1153.489,281.688,1.0,1061.008,300.422,0.9990000128746033,988.176,315.979,1.0
413,1355.4935,238.787,0.6420000195503235,1256.422,266.567,1.0,1157.071,281.688,1.0,1061.052,299.42,1.0,989.591,309.851,1.0
414,1355.648,238.787,0.01,1258.665,265.784,1.0,1157.824,281.088,1.0,1066.952,298.59,0.9959999918937683,994.749,309.851,1.0
415,1355.688,238.787,0.5820000171661377,1259.242,264.672,1.0,1159.325,281.069,1.0,1067.031,298.002,0.7720000147819519,996.955,309.704,1.0
416,1355.767,238.114,0.24799999594688416,1259.327,264.436,1.0,1159.325,280.453,1.0,1068.174,296.587,1.0,996.955,309.524,1.0
417,1355.767,237.937,0.14000000059604645,1259.327,263.465,1.0,1160.127,280.321,1.0,1068.175,297.953,0.9990000128746033,996.955,309.524,1.0
418,1355.688,237.55,0.3630000054836273,1259.327,263.898,1.0,1159.325,280.173,1.0,1068.175,297.271,0.9959999918937683,996.792,309.524,1.0
419,1355.657,236.794,0.04899999871850014,1259.242,263.465,1.0,1157.762,280.321,1.0,1068.175,297.271,0.996999979019165,996.262,309.524,1.0
420,1348.613,236.678,0.05299999937415123,1259.227,263.465,1.0,1157.155,280.321,1.0,1068.174,297.271,0.9850000143051147,995.884,310.566,1.0
421,1348.613,236.486,0.05000000074505806,1258.951,263.898,1.0,1156.578,280.321,1.0,1068.175,297.271,0.9919999837875366,995.616,311.069,1.0
422,1348.613,236.486,0.10400000214576721,1258.925,263.898,1.0,1156.578,280.261,1.0,1068.321,297.271,0.972000002861023,995.884,311.069,1.0
423,1348.635,236.635,0.06700000166893005,1258.925,262.085,1.0,1156.578,280.261,1.0,1068.434,296.487,0.9890000224113464,995.884,311.069,1.0
424,1355.636,236.678,0.09799999743700027,1258.951,262.412,1.0,1156.624,280.261,1.0,1069.175,296.487,1.0,996.817,310.468,1.0
425,1355.897,237.352,0.05700000002980232,1259.934,262.412,1.0,1159.463,280.261,1.0,1073.319,298.595,0.9990000128746033,996.87,310.297,1.0
426,1355.976,237.352,0.1860000044107437,1259.934,262.412,1.0,1159.463,279.604,1.0,1073.319,298.595,0.996999979019165,996.87,310.058,1.0
427,1355.976,236.635,0.8339999914169312,1259.934,264.483,1.0,1159.463,279.841,1.0,1069.175,297.714,0.9990000128746033,996.817,308.537,1.0
428,1355.976,236.266,0.035999998450279236,1257.703,264.918,1.0,1158.558,279.841,1.0,1069.068,297.81,0.9950000047683716,996.616,308.537,1.0
429,1355.994,236.266,0.03200000151991844,1257.703,265.359,1.0,1158.055,279.604,1.0,1069.068,297.81,0.9990000128746033,996.616,308.426,1.0
430,1355.837,236.266,0.01,1257.703,265.512,1.0,1157.828,279.604,1.0,1069.068,297.81,0.996999979019165,996.395,308.426,1.0
431,1355.805,237.01,0.9319999814033508,1258.265,266.887,1.0,1157.466,279.841,1.0,1073.867,299.133,1.0,996.32,308.177,1.0
432,1355.805,237.681,0.11599999666213989,1258.916,266.887,1.0,1156.91,280.009,1.0,1073.867,299.133,1.0,996.32,307.874,1.0
433,1355.673,237.909,0.20600000023841858,1258.916,266.887,1.0,1156.859,280.044,1.0,1073.867,299.133,1.0,994.859,307.745,1.0
434,1355.673,238.00866666666667,0.01,1258.916,264.316,1.0,1156.701,280.184,1.0,1068.991,299.306,0.9990000128746033,994.181,307.745,1.0
435,1355.6119999999999,238.00866666666667,0.01,1258.43,263.239,1.0,1156.535,281.074,1.0,1068.071,300.092,0.9940000176429749,994.181,307.745,1.0
436,1355.6119999999999,238.00866666666667,0.42899999022483826,1253.953,259.104,1.0,1155.228,285.416,1.0,1067.704,300.092,0.6970000267028809,993.051,317.686,0.996999979019165
437,1351.8735,233.223,0.01,1253.206,258.351,1.0,1154.473,286.011,1.0,1066.267,307.314,0.9990000128746033,991.419,317.844,1.0
438,1348.013,228.238,0.019999999552965164,1248.238,258.351,1.0,1151.125,286.202,1.0,1059.935,307.38,0.9760000109672546,987.633,317.844,0.9900000095367432
439,1334.965,226.20033333333333,0.01,1240.421,259.104,1.0,1147.469,292.171,0.9980000257492065,1059.205,308.646,0.9070000052452087,984.89,318.383,1.0
440,1321.917,224.16266666666667,0.01,1240.014,261.832,1.0,1147.469,292.745,1.0,1059.0355,316.434,0.9919999837875366,984.89,323.216,0.8769999742507935
441,1308.869,222.125,0.968999981880188,1236.323,261.832,1.0,1147.469,293.991,0.9769999980926514,1059.0355,326.15200000000004,0.01,984.89,324.818,0.949999988079071
442,1302.213,220.327,1.0,1229.316,261.832,1.0,1154.713,298.278,0.824999988079071,1059.0355,335.87,0.01,1009.3853333333333,347.6363333333333,0.01
443,1291.002,211.127,0.43799999356269836,1227.479,255.561,1.0,1155.806,298.32,0.9990000128746033,1059.3497499999999,345.58799999999997,0.01,1038.5186666666666,372.0566666666667,0.01
444,1277.997,204.29,0.9940000176429749,1226.677,252.945,1.0,1155.817,299.865,1.0,1059.664,355.306,0.023000000044703484,1067.652,396.477,0.9800000190734863
445,1276.215,203.547,1.0,1221.048,250.269,0.984000027179718,1157.552,298.32,0.0989999994635582,1100.004,355.984,0.02500000037252903,1092.751,397.204,1.0
446,1269.144,203.547,0.996999979019165,1214.514,241.628,0.9919999837875366,1163.739,298.278,0.024000000208616257,1123.8984999999998,364.034,0.01,1116.502,411.366,1.0
447,1267.203,195.924,0.996999979019165,1204.853,241.247,0.9929999709129333,1212.096,292.304,0.012000000104308128,1140.197,364.034,0.671999990940094,1132.886,414.186,0.9990000128746033
448,1230.155,188.507,1.0,1204.519,237.415,0.9950000047683716,1227.922,272.2005,0.01,1147.727,364.034,0.019999999552965164,1149.202,418.393,0.9940000176429749
449,1230.155,186.166,1.0,1204.288,235.528,0.9909999966621399,1227.922,272.2005,0.020999999716877937,1147.793,363.205,0.05900000035762787,1149.407,418.393,1.0
450,1228.436,183.786,1.0,1204.288,227.58,0.8130000233650208,1227.922,272.2005,0.010999999940395355,1155.791,355.698,0.828000009059906,1151.778,418.393,0.9700000286102295
451,1228.436,177.196,1.0,1203.502,226.751,0.8410000205039978,1180.409,276.614,0.20000000298023224,1163.566,346.113,0.01600000075995922,1154.095,414.222,0.9639999866485596
452,1218.475,169.46,1.0,1203.37,223.211,1.0,1180.399,276.614,0.04600000008940697,1164.096,344.982,0.03999999910593033,1154.459,413.641,1.0
453,1194.301,147.028,1.0,1188.246,206.866,1.0,1180.19,276.614,0.21799999475479126,1164.096,340.041,0.17800000309944153,1154.459,396.61,0.9980000257492065
454,1173.768,133.623,1.0,1179.108,188.007,1.0,1180.125,250.632,0.9520000219345093,1164.096,314.434,0.2370000034570694,1164.65,379.699,0.8679999709129333
455,1140.98,118.113,1.0,1153.304,169.807,1.0,1163.617,245.131,0.19200000166893005,1152.801,309.564,0.9980000257492065,1164.65,359.11,1.0
456,1092.24,100.972,1.0,1111.485,153.872,1.0,1114.467,236.473,0.8579999804496765,1116.93,308.535,1.0,1135.575,351.9405,0.029999999329447746
457,955.491,68.808,1.0,982.584,135.948,1.0,1001.108,228.9,1.0,1012.661,308.473,0.48500001430511475,1074.582,351.9405,0.01
458,893.88,59.354,0.9319999814033508,909.912,132.982,1.0,930.596,218.948,1.0,941.02,298.634,0.4690000116825104,984.5140000000001,351.9405,0.01
459,819.257,59.354,1.0,859.463,132.982,1.0,859.343,218.948,0.9369999766349792,861.025,298.634,0.47099998593330383,894.446,357.55925,0.01
460,771.035,59.354,1.0,809.58,132.982,1.0,802.892,219.872,1.0,804.017,308.184,0.0949999988079071,804.378,363.178,0.9399999976158142
461,683.574,75.113,0.9990000128746033,708.476,134.889,0.9980000257492065,714.989,228.9,0.25699999928474426,731.237,308.184,0.8700000047683716,764.333,372.264,0.9940000176429749
462,667.695,77.694,0.6039999723434448,691.764,141.537,0.9990000128746033,698.277,243.724,0.984000027179718,708.071,314.91,0.949999988079071,734.176,375.004,1.0
463,612.369,91.864,0.14499999582767487,667.91525,157.31125,0.01,662.131,244.085,0.9399999976158142,676.065,315.124,0.296999990940094,701.562,381.024,1.0
464,591.1953333333333,108.44133333333333,0.01,644.0665,173.0855,0.01,633.746,250.558,0.9010000228881836,643.066,323.982,0.5879999995231628,672.996,393.426,1.0
465,570.0216666666666,125.01866666666666,0.01,620.21775,188.85975,0.01,618.282,267.255,0.8980000019073486,636.822,340.595,0.6899999976158142,657.398,401.86,1.0
466,548.848,141.596,0.8939999938011169,596.369,204.634,0.19200000166893005,612.298,284.801,0.9269999861717224,625.917,341.6,0.8510000109672546,654.694,408.646,1.0
467,547.1855,166.07,0.01,565.163,243.899,0.49799999594688416,594.79,291.482,0.9359999895095825,621.512,362.756,1.0,649.225,426.664,1.0
468,545.523,190.544,1.0,563.937,258.653,1.0,586.258,313.013,0.9990000128746033,610.252,362.756,0.996999979019165,645.606,435.691,1.0
469,540.704,197.643,0.8629999756813049,561.882,260.738,1.0,581.589,313.013,0.9950000047683716,609.71,365.246,0.9240000247955322,642.711,437.379,0.9959999918937683
470,540.704,197.643,0.9900000095367432,561.882,260.738,1.0,581.589,313.013,1.0,604.885,378.239,0.9020000100135803,642.711,441.946,1.0
471,540.704,197.643,0.9909999966621399,558.292,260.738,0.9990000128746033,581.589,312.094,1.0,604.885,378.239,1.0,642.711,441.946,1.0
472,545.956,189.702,1.0,558.292,257.664,0.9980000257492065,580.932,311.096,1.0,604.885,372.357,0.17599999904632568,642.711,439.717,0.9810000061988831
473,546.695,189.702,0.9990000128746033,558.292,257.038,0.9990000128746033,581.589,311.096,1.0,606.473,374.183,0.9459999799728394,642.711,439.084,1.0
474,547.597,189.228,0.9710000157356262,559.028,256.967,0.9990000128746033,581.788,311.096,1.0,606.78,374.183,0.7120000123977661,636.692,439.717,0.8040000200271606
475,547.597,189.228,0.9990000128746033,562.865,254.043,1.0,582.617,311.096,1.0,607.661,373.841,0.9919999837875366,636.692,439.717,1.0
476,547.338,189.078,0.9940000176429749,564.284,254.019,0.9959999918937683,582.617,311.096,1.0,607.564,372.566,0.9990000128746033,636.692,440.32,1.0
477,547.338,189.644,0.9980000257492065,564.284,251.391,1.0,582.617,310.533,1.0,607.564,373.841,0.9760000109672546,636.692,441.031,1.0
478,547.338,189.644,0.9869999885559082,564.882,251.391,1.0,582.617,310.533,1.0,607.564,373.841,0.9879999756813049,638.441,441.308,1.0
479,546.796,189.644,0.9739999771118164,564.882,252.4,1.0,582.278,310.533,1.0,606.693,373.841,0.5600000023841858,638.609,441.031,1.0
480,546.893,190.054,0.9589999914169312,562.698,252.4,1.0,581.178,310.706,1.0,606.042,373.968,0.9309999942779541,638.641,441.308,1.0
481,546.893,190.369,0.984000027179718,561.392,252.4,0.9940000176429749,580.926,310.706,1.0,605.972,373.968,0.9959999918937683,638.609,441.308,1.0
482,546.893,190.369,0.9980000257492065,560.11,252.95,1.0,580.628,311.166,1.0,605.972,372.241,0.9779999852180481,638.441,440.711,1.0
483,546.893,195.398,0.996999979019165,560.11,252.95,1.0,580.565,310.706,1.0,605.47,372.241,0.9480000138282776,638.763,438.973,1.0
484,546.893,195.638,0.9959999918937683,560.11,252.95,1.0,580.565,311.166,1.0,604.661,374.401,0.9589999914169312,639.372,438.973,1.0
485,545.908,195.638,0.9940000176429749,557.934,252.217,1.0,580.565,310.003,1.0,604.661,374.401,0.972000002861023,636.532,438.973,1.0
486,545.908,195.398,0.9950000047683716,557.934,253.193,1.0,579.168,311.166,1.0,604.661,375.363,0.9679999947547913,639.372,439.154,1.0
487,545.908,195.042,0.9990000128746033,560.632,253.193,1.0,579.168,310.073,1.0,604.714,375.891,0.9900000095367432,639.449,439.175,1.0
488,545.908,195.042,1.0,561.847,252.737,1.0,578.082,311.214,1.0,604.764,376.84,0.9819999933242798,639.584,439.539,1.0
489,545.908,195.042,0.9990000128746033,561.847,252.737,1.0,577.854,311.288,1.0,604.908,377.453,0.6499999761581421,639.449,439.236,1.0
490,541.86,195.273,0.9990000128746033,561.847,252.737,1.0,577.854,312.242,1.0,605.241,377.679,0.9679999947547913,639.449,439.539,1.0
491,541.611,195.273,0.996999979019165,558.98,251.025,0.9990000128746033,577.854,311.703,1.0,605.499,377.679,0.9779999852180481,638.397,439.236,1.0
492,541.365,195.273,0.9990000128746033,558.645,251.025,0.9990000128746033,577.063,312.436,1.0,605.595,376.84,0.9900000095367432,638.397,439.65,1.0
493,541.173,195.163,0.9980000257492065,558.645,251.025,0.9990000128746033,577.063,312.436,1.0,605.595,377.679,0.9670000076293945,638.397,439.236,1.0
494,540.171,195.163,0.9950000047683716,558.645,252.149,1.0,577.063,312.436,1.0,605.595,377.679,0.9549999833106995,639.54,439.65,1.0
495,540.171,194.899,0.9919999837875366,557.482,252.149,1.0,582.798,311.703,1.0,604.745,380.467,1.0,642.104,438.964,1.0
496,540.171,194.899,0.9950000047683716,556.954,252.149,1.0,582.986,310.967,1.0,604.501,380.467,1.0,642.104,440.766,1.0
497,540.707,190.838,1.0,556.332,251.884,1.0,582.986,310.967,1.0,604.501,383.36,1.0,642.104,441.209,1.0
498,540.707,190.49,0.996999979019165,555.425,246.926,1.0,582.986,310.967,1.0,604.501,385.619,0.9509999752044678,635.543,442.828,0.8560000061988831
499,540.707,189.907,0.9940000176429749,547.253,245.956,1.0,582.798,310.662,1.0,604.745,386.656,1.0,627.859,443.523,1.0
500,540.707,189.907,0.9959999918937683,546.992,245.774,1.0,582.216,308.649,1.0,606.031,386.656,1.0,627.859,443.857,0.9990000128746033
501,540.707,190.1,0.9990000128746033,546.83,245.498,1.0,580.99,308.153,1.0,606.594,388.449,1.0,635.543,443.872,1.0
502,540.885,190.1,0.9980000257492065,546.83,245.47,1.0,582.216,306.9,1.0,606.594,386.656,1.0,641.423,443.872,0.984000027179718
503,540.919,190.1,0.9990000128746033,546.83,245.47,1.0,582.216,306.9,1.0,606.594,386.656,1.0,642.777,443.872,0.9980000257492065
504,541.036,190.1,0.9990000128746033,547.285,245.47,1.0,580.99,306.483,1.0,606.198,378.97,0.9660000205039978,642.777,437.616,0.9959999918937683
505,541.429,190.078,0.9990000128746033,547.285,245.47,1.0,580.835,306.385,1.0,606.198,377.504,0.9929999709129333,642.293,437.616,0.5080000162124634
506,541.475,190.078,0.9990000128746033,547.539,245.627,1.0,582.836,306.483,1.0,605.787,377.504,0.9300000071525574,642.293,437.616,0.972000002861023
507,541.429,190.284,0.9990000128746033,547.539,246.725,1.0,583.151,307.511,1.0,606.198,377.504,0.6029999852180481,640.0955,437.83616666666666,0.01
508,541.036,190.296,0.996999979019165,547.539,246.725,1.0,583.981,308.988,1.0,606.948,379.261,0.9990000128746033,637.898,438.9173333333333,0.01
509,540.273,194.6,0.9990000128746033,554.797,248.004,1.0,586.347,310.078,1.0,607.023,380.263,0.9980000257492065,635.7004999999999,439.99850000000004,0.01
510,540.273,194.6,0.9990000128746033,554.797,248.076,1.0,586.93,310.301,1.0,606.948,380.681,0.984000027179718,633.5029999999999,441.0796666666667,0.01
511,540.273,194.6,0.9990000128746033,554.959,248.818,1.0,587.392,310.5,1.0,608.156,380.681,0.9980000257492065,631.3054999999999,442.16083333333336,0.01
512,545.564,192.416,1.0,554.959,248.818,1.0,587.392,310.5,1.0,608.156,380.263,1.0,631.3054999999999,443.242,0.46799999475479126
513,545.564,191.989,1.0,554.758,248.076,1.0,586.93,310.5,0.9990000128746033,606.694,379.992,0.9240000247955322,631.3054999999999,443.28200000000004,0.01
514,545.564,190.932,1.0,549.486,247.635,1.0,582.673,308.607,1.0,606.525,379.992,0.8600000143051147,632.7925,443.322,0.01
515,542.083,191.433,1.0,549.486,247.635,1.0,582.673,308.607,1.0,605.266,379.992,0.9390000104904175,634.6347499999999,443.322,0.01
516,542.024,191.238,1.0,549.486,247.635,1.0,582.673,308.607,1.0,605.266,380.839,0.9890000224113464,636.477,443.36199999999997,0.04399999976158142
517,542.024,191.238,1.0,554.528,248.159,1.0,582.843,313.074,1.0,605.266,381.988,0.9940000176429749,636.507,443.36199999999997,0.15199999511241913
518,542.024,191.433,1.0,555.198,248.725,1.0,583.378,313.08,1.0,605.456,381.988,1.0,636.507,442.855,0.05000000074505806
519,542.024,192.063,1.0,555.685,251.632,1.0,584.517,313.708,1.0,605.456,381.988,1.0,636.507,442.47,0.26499998569488525
520,541.991,193.891,1.0,555.769,251.884,1.0,584.567,313.843,1.0,608.001,382.302,0.9350000023841858,635.78,442.111,0.7059999704360962
521,541.84,193.891,1.0,555.946,253.156,1.0,585.093,315.371,1.0,607.978,382.591,0.9980000257492065,635.128,441.181,0.9900000095367432
522,541.557,194.614,1.0,556.437,257.729,1.0,584.982,315.371,1.0,607.978,382.591,1.0,635.128,441.181,0.9909999966621399
523,541.557,194.658,1.0,557.003,256.362,1.0,584.567,314.274,1.0,607.978,382.854,1.0,635.112,441.181,0.9900000095367432
524,541.84,194.741,1.0,557.003,256.362,1.0,584.982,315.206,1.0,607.978,382.968,0.9980000257492065,635.128,441.205,0.9869999885559082
525,541.84,194.99,1.0,557.003,256.362,1.0,584.982,315.206,1.0,604.958,382.968,1.0,635.221,442.115,0.9779999852180481
526,541.561,195.008,1.0,557.003,256.362,1.0,584.982,315.206,1.0,604.958,382.854,0.9980000257492065,635.221,442.477,0.9990000128746033
527,541.716,195.008,1.0,557.107,256.362,1.0,585.526,315.206,1.0,604.958,382.854,0.9990000128746033,635.221,442.556,0.32199999690055847
528,541.716,194.99,1.0,557.128,257.002,1.0,585.612,316.038,0.9950000047683716,605.682,387.975,0.9919999837875366,635.261,442.633,0.9810000061988831
529,541.561,194.819,1.0,558.642,258.092,1.0,585.612,316.247,0.9990000128746033,605.878,382.276,0.9990000128746033,635.266,442.633,0.9850000143051147
530,541.561,194.748,1.0,560.082,259.11,1.0,596.184,322.283,0.9900000095367432,605.878,380.295,0.9980000257492065,635.266,442.556,0.9869999885559082
531,540.992,194.664,1.0,561.121,263.464,1.0,596.184,323.172,0.8450000286102295,605.878,378.444,0.9950000047683716,638.922,439.3,1.0
532,540.88,190.238,0.9929999709129333,561.45,263.464,1.0,595.893,322.283,0.968999981880188,605.454,378.421,0.9120000004768372,639.238,439.3,1.0
533,540.453,189.667,0.9129999876022339,561.727,263.464,1.0,587.8093333333334,316.247,0.9629999995231628,605.315,376.416,0.8330000042915344,640.337,439.3,1.0
534,540.3053333333334,189.06166666666667,0.01,562.2833333333334,261.868,0.01,587.8093333333334,315.73766666666666,0.01,604.856,376.416,0.01,642.167,440.74,0.7099999785423279
535,540.1576666666666,188.45633333333333,0.01,563.1166666666667,257.045,0.01,579.7256666666667,307.58633333333336,0.01,604.397,374.411,0.01,642.606,441.01,0.7099999785423279
536,540.01,187.851,0.02800000086426735,563.1166666666667,252.263,0.024000000208616257,571.742,299.715,0.9940000176429749,603.993,372.406,0.14800000190734863,642.606,441.01,1.0
537,539.8623333333334,187.24566666666666,0.01,563.1166666666667,252.222,0.024000000208616257,571.642,299.435,0.9950000047683716,603.938,372.33,0.13699999451637268,642.167,440.74,1.0
