scorer,teabag3d,teabag3d,teabag3d,teabag3d,teabag3d,teabag3d,teabag3d,teabag3d,teabag3d,teabag3d,teabag3d,teabag3d,teabag3d,teabag3d,teabag3d,cup3d,cup3d,cup3d,cup3d,cup3d,cup3d,cup3d,cup3d,cup3d,cup3d,cup3d,cup3d,cup3d,cup3d,cup3d,cup3d,cup3d,cup3d,cup3d,cup3d,cup3d,cup3d,cup3d,cup3d
individuals,teabag1,teabag1,teabag1,teabag1,teabag1,teabag1,teabag1,teabag1,teabag1,teabag1,teabag1,teabag1,teabag1,teabag1,teabag1,cup,cup,cup,cup,cup,cup,cup,cup,cup,cup,cup,cup,cup,cup,cup,cup,cup,cup,cup,cup,cup,cup,cup,cup
bodyparts,top_left,top_left,top_left,bottom_left,bottom_left,bottom_left,bottom_right,bottom_right,bottom_right,top_right,top_right,top_right,center,center,center,bodypart1,bodypart1,bodypart1,bodypart2,bodypart2,bodypart2,bodypart3,bodypart3,bodypart3,bodypart4,bodypart4,bodypart4,bodypart5,bodypart5,bodypart5,bodypart6,bodypart6,bodypart6,bodypart7,bodypart7,bodypart7,bodypart8,bodypart8,bodypart8
coords,x,y,z,x,y,z,x,y,z,x,y,z,x,y,z,x,y,z,x,y,z,x,y,z,x,y,z,x,y,z,x,y,z,x,y,z,x,y,z
0,323.48867887475143,125.25357970762097,834.760876798306,327.35305926154683,183.33080503091188,865.0480734292793,376.3251445216662,183.9583541822349,859.5405825144916,375.85107370705447,131.33829519868803,845.3533247535049,347.44784541590417,154.37816817871843,836.6773952957346,364.41055728550987,-149.13078963126924,1034.9908416019343,,,,,,,,,,321.9593752567965,-140.72443022242197,994.8977987613498,316.2824460635246,-96.62793329465102,960.9992538095493,387.80657853202314,-98.62622798310093,955.9452389321758,398.4222030585983,-144.39638278436587,1006.4529797876138
1,323.72850408189566,126.56019966102161,835.113188389755,328.16050331354546,184.31545957327862,867.1884923434587,376.74655195508046,184.16447710375346,860.5030934701379,374.09741306611744,130.48204539374382,838.7407309590533,347.70867390744235,154.4916243251051,837.2917152833298,364.40648368506044,-148.95032857610357,1034.9739599197198,,,,,,,,,,322.7654364887987,-140.82234706551523,996.777629277323,314.89617683647015,-94.20689286828947,954.2312439679677,388.76552229292025,-98.77673912946217,958.0466525862249,396.1471454632684,-138.89430099734602,987.0831139662089
2,323.86613304746794,126.80132204861776,835.4460479486144,328.1577156315995,184.55604074868376,867.1826669668325,376.7450612606749,184.13277225926385,860.343434594168,373.9028587763686,130.50929046562837,837.8792421499966,347.1724573134765,154.1518402517246,835.3198969441496,364.12348999130126,-148.73523507770065,1033.776245648636,,,,,,,,,,323.1187083685054,-140.97622700414087,997.8686196120691,317.40640952383865,-94.61465936734409,959.6439465922157,392.51905827222043,-99.43078486700144,967.2989889232431,394.7988197646624,-137.51644944434977,981.9660776712216
3,324.3934590089202,127.12839186888482,836.807244842448,328.68148267007575,184.96836204230604,869.3590328434377,376.6001695339476,184.0464985133067,860.0124535876228,373.5673315601326,130.29071764993853,836.473724352919,346.90185623719157,154.03158210613432,834.6688126342015,363.9589002570788,-148.64517876197579,1033.3091255303168,,,,,,,,,,323.2937359875291,-141.12510376371256,998.7281356634827,314.6964556074024,-93.47184231700699,948.0670313409485,392.51905827222043,-99.43078486700144,967.2989889232431,394.7964760314856,-137.29925162425647,981.9609572620326
4,324.1631808351918,126.9816719981433,835.8410151795406,327.9520288919076,184.60157372086564,867.4301873319557,376.60016463658195,184.0456071288315,860.0124371729601,367.77026937106314,127.92796594225402,817.3508981449568,347.1739465747979,154.13665962141994,835.3238191528555,363.33897071867955,-148.3398202013741,1031.3968326793558,,,,,,,,,,323.43765282821187,-141.28674472766497,999.432315987345,314.69649333146504,-93.33326154814961,948.067215099948,391.59317226323566,-99.09225734418122,964.0123956017678,394.80906767839315,-137.3588600934444,982.0068427376148
5,324.4450310715951,126.93246794943332,836.4485796225209,327.9534086875253,184.7845354817958,867.4359433316985,377.2156083249243,184.47703751687237,862.0294540726636,367.7693615357265,127.97417196370394,817.3492675095026,347.17404145291823,154.15683995438732,835.3241680473753,363.35076917074747,-148.32047121009128,1031.5829112018603,,,,,,,,,,323.78541024903467,-141.47705878035208,1000.506648361304,315.5823900885821,-94.37254163379558,954.1254538731528,387.7824719779681,-97.68559275039094,955.2170748033741,397.94711802366845,-138.57292956808615,991.5715265100542
6,324.3286786365787,126.8258041819866,835.9713556926174,327.3457789508946,184.2956114975887,864.9781355364889,377.299926104523,184.51826767685858,862.3110777883829,367.93269696540693,128.0578502841742,817.7124918009109,347.4635700341003,154.488551679198,836.0956015455959,363.84965022424456,-148.67007582260123,1034.0564299590626,,,,,,,,,,323.78615872026813,-141.61936199650788,1000.5082520036265,317.22713985223737,-95.23422143105236,962.1498032760433,387.6377619929038,-97.20978833137589,954.8303923614815,400.4440854038094,-139.7237229904925,1000.4814139807114
7,324.45842020425096,126.97109019767564,836.306561947611,326.82011610799276,183.96491070647605,863.5887116770932,377.09680079079135,184.41887483753408,861.8468388072849,367.82158588035895,127.98840488545932,817.3460109800009,347.50264529064634,154.55434398915563,836.189731457108,363.4388224063766,-148.52461952304145,1033.041620536493,,,,,,,,,,323.7862346714628,-141.5626587857144,1000.5086249374164,316.7639009679353,-93.61049314196278,960.9129207647635,387.2535297395069,-97.06993000150852,953.4595178448315,400.4440854038094,-139.7237229904925,1000.4814139807114
8,324.8065497910322,127.02262156257476,837.2032817660528,326.8194065100052,183.9919258663122,863.5869649364258,376.64644072644415,184.39716572802618,860.8184092661226,367.53727057284084,127.72743462996,816.5333872668695,347.73858100294535,154.68257121035202,836.8115905806238,363.4174387155654,-148.48175582744463,1032.950872312224,,,,,,,,,,322.30209130527896,-141.27015306187806,995.6687253901767,316.7631762124015,-93.39750334759596,960.9117556851405,387.3701908113047,-97.36020727164204,953.7494823421476,400.4456517231712,-139.4297663870154,1000.4870021356758
9,324.77794883703103,127.0091727316969,837.1146408347555,326.02075890242037,183.77043800190447,862.1275504378466,376.64656075059037,184.42807137766144,860.8188118701987,367.05261738807815,127.35811167142752,814.8072075438602,348.9633900251634,155.34476840497322,839.7593297207569,362.55943562646917,-148.10604852045222,1030.5123296811405,,,,,,,,,,321.72928810839954,-140.7965795851955,993.4555202584237,317.2128918563827,-93.56026043908071,962.1178950657946,387.3755122520528,-97.03173381199956,953.7684657163895,400.34867572894814,-139.2258412180078,1000.2454473272029
10,324.78797227193763,127.006120698903,837.1553302478322,326.0200966969485,183.68620408894986,862.1247791100311,376.4009035678325,184.29547099003454,859.9962625958746,367.10697522961374,127.30896323403952,814.9273362405194,348.96324006240684,155.51489554336038,839.7603381767753,362.25293280514256,-147.9312404733783,1029.6712330213868,,,,,,,,,,321.72928810839954,-140.7965795851955,993.4555202584237,317.7992057993044,-93.73279445494728,963.8962078772249,388.0363134223536,-97.25737769876396,955.3966022510818,400.78517271210796,-139.6063296082677,1002.3454725315165
11,325.02578224952555,127.0405728729193,838.1237935784198,326.4342928529438,184.16247267564978,863.8621438199335,376.3752162127107,183.96796159356498,859.9361268460395,367.1932973330245,127.29842008036906,815.1186303101641,349.13708078288136,155.7055186997902,840.4005700603835,362.2529542106851,-147.98435330548634,1029.6713239997189,,,,,,,,,,321.9690393774849,-140.73832155637524,994.6416831165462,317.9725896704413,-94.82335682598251,964.7158171172714,388.0363134223536,-97.25737769876396,955.3966022510818,400.7857651800163,-140.21401608492033,1002.344569976454
12,324.5173623169088,126.57841369632641,836.8106528091347,326.1710709125378,183.86948061770786,862.5398651644015,376.6666948246423,184.09246272765046,860.6020131299475,374.5645650204941,130.1072119089133,839.2555548218387,345.4268054263159,154.19426204625904,832.0174395735085,363.97732277410336,-148.86565535005604,1035.7939808809742,,,,,,,,,,323.7674675062269,-141.7889621050588,1001.9485731812096,317.6136817946451,-95.07310267320102,962.8836307550574,388.5472099044363,-97.52127187744271,957.2166107057029,401.789673590857,-141.49531926040217,1005.9266861597076
13,323.276676286036,126.10841688108371,833.7071014443733,326.1626646177137,184.06228023678096,862.5165623665032,376.5091051824389,183.97888218667322,860.073584158013,374.7712917570884,130.13196984933026,839.934803286141,345.4151552085929,154.27449620992886,831.9899758348491,363.5987134625652,-148.6885732314368,1034.7166562258744,,,,,,,,,,323.9020835563756,-141.72079803048726,1002.5934997371098,317.583392440319,-95.19130800879255,962.7356370088814,387.4486200963374,-97.57526365932632,954.5044978938186,402.7010659172161,-142.32634277707277,1009.1788138545548
14,323.2419832961538,126.21998884078042,833.6184344439318,326.16262846998586,184.0200298918305,862.5161067980246,375.8286380874065,183.5573051613495,858.10243633474,375.24031291551347,130.3610966539878,841.4409349977151,345.04222277721584,154.09747361461123,831.0917520964562,363.9768200914843,-148.761988994786,1035.7929591960471,,,,,,,,,,323.9020835563756,-141.72079803048726,1002.5934997371098,320.24009549134,-96.323059851519,971.5895650157736,391.7960497628688,-99.83229180511412,965.4481109538766,400.84228188441983,-141.5861132841379,1003.553017135447
15,323.24455006693347,126.75953475636345,833.6295400041013,326.0601160073135,184.06878474590275,862.6064308584716,375.30674687967,183.2875842650532,856.68307270584,375.1026340496746,130.4607755812912,841.1322509984457,344.7643832403287,153.94866308524234,830.0666410756215,362.1085196508341,-147.67963731569026,1027.8606693636311,,,,,,,,,,323.77742719924095,-141.52343666155002,1001.9805138226753,320.6676452591986,-96.45137292227443,972.8867287263836,387.4147700416468,-97.1914801114161,954.6359594927393,403.45090076804047,-142.57935749134947,1012.6312594730146
16,323.23157539172894,126.87696137709393,833.52932111976,325.82596847032835,183.85966494769102,861.6261717872733,375.2827773662082,183.2175794665485,856.6011835904737,375.2366643761174,130.54594740410386,841.432883306976,344.68757620155475,153.94668059763472,829.7617775532218,361.5509379233783,-147.40195616057778,1026.0186520500047,,,,,,,,,,324.3905803819749,-141.70840737856233,1003.5228979557363,320.87267135533,-96.50560033628165,973.8808227750096,391.52168361054066,-99.63136321772014,964.4752118011805,403.22412457996603,-141.75815105379624,1012.0646870605582
17,323.1218989769438,127.07097745094676,833.2483575388472,325.70608465065595,183.46437370278466,861.1136375001613,375.28461761801003,183.142616429394,856.604934868041,375.29232639283174,130.6006629592391,841.6159261363613,344.59452667929344,153.88194584241066,829.4176093385347,361.2421115760424,-147.2249701768731,1024.8576790093675,,,,,,,,,,324.72215759480014,-141.68361138465588,1004.5499447262964,321.56957600783977,-96.96357205779618,977.0828654956421,391.5227325711457,-99.5640597696549,964.478938021054,400.5714939409858,-140.54876186583664,1003.3842228560512
18,323.11996407423317,127.18175720609813,833.2441670858909,326.1869972286831,183.74619595946828,862.5082046253823,375.6528688547284,183.25681312048192,857.409026473996,375.29306599339657,130.5570636295637,841.6171945650394,344.6628690054017,153.88841136626547,829.5137097725902,359.33560079239123,-146.0881224693835,1016.8948079744368,,,,,,,,,,325.1432472275218,-142.02027011094918,1005.8516896864065,321.56957600783977,-96.96357205779618,977.0828654956421,390.70943619054947,-99.14220598263189,961.5887023555193,399.19657311917416,-139.84453192149127,999.071987033095
19,323.21706918260446,127.58457284486718,833.8121658213724,326.38803846489463,183.83521172664086,863.0408200070012,375.52295696963074,183.07184492578892,856.9725742970791,375.20576369059205,130.49689363010032,841.4704419080781,345.1753661087994,154.11895418745365,830.743103389066,359.29066752646105,-145.98466140340764,1016.7680050221018,,,,,,,,,,325.85694423588797,-142.13972350295938,1008.0607665752982,321.23827553803994,-96.9715171868731,974.9865470815733,389.2465499923626,-98.63965085548631,957.2687201059862,399.75945166102775,-139.84097834950754,1000.4815333951328
20,322.9725852803597,127.51501588918774,833.027457102062,326.76829158291235,184.04238831396628,864.0462672403448,375.5688660146563,183.09424420388845,857.0773424084629,375.20470282749733,130.55603056958967,841.4685816961612,345.527399084899,154.2739304638964,831.5901898379138,359.29064262386817,-145.97589213158727,1016.767899203106,,,,,,,,,,325.85675135647847,-142.28891393341956,1008.0602382524861,320.7481481870942,-96.73479664432139,972.6117293756189,391.00434602852494,-99.38122861221748,962.16102064153,399.0353678737538,-139.05359613021065,997.8919072377677
21,323.00378005660446,127.5755006757069,833.2786503208151,327.40697604094584,184.27285338133927,865.9923964267555,375.52295696963074,183.07184492578892,856.9725742970791,375.16573118657817,130.68440366948377,841.3824230834765,345.5300066087418,154.225441679036,831.6000638496432,359.5670735011565,-146.0212444969784,1017.9432846833503,,,,,,,,,,325.5330138833651,-141.97958472276034,1006.4768871675959,320.003550384908,-96.42148908536105,969.0039240735975,389.2512802529052,-98.87982448523799,957.2843907519683,398.0997523786385,-138.40000645845467,994.545755240324
22,323.24045432461065,127.72415940579295,834.2502115745839,327.44256680851714,184.40752540506892,866.1410106694761,375.77942073491596,183.36756643562512,857.8334820092635,374.5072258966985,130.3383323164368,839.2118726273865,346.18012732253476,154.73173774069693,834.0007989708478,359.60488835014274,-145.96942970118198,1018.1039739358054,,,,,,,,,,325.5333061323015,-141.93200347080634,1006.4779027462175,319.18790832930836,-95.88851258180077,966.5372249564849,384.4163123626372,-95.88047100057611,945.3745386948192,398.45199195346675,-138.52225336444684,995.4257333925749
23,323.25115061087797,127.61817257790861,834.2932539671008,328.0440485139752,184.71693302836167,867.7322472930962,376.16234951232843,183.71636270401885,858.888500194644,374.2790401587241,130.272447930833,838.6427146623743,346.37744687862494,154.8199575741957,834.7299884229316,359.60627098657557,-146.09638373162804,1018.1072954237071,,,,,,,,,,325.5331077719998,-141.92289231098448,1006.4773469808158,318.73471260618487,-95.66103780024218,965.1646609750401,384.0301477657312,-95.7178541067018,944.5508732064283,398.2219055898496,-138.48329850825135,994.601962816029
24,323.20564984116567,127.1822676169762,833.9794401382984,328.0181025669199,184.55732706336096,867.6102876991887,377.88103508342124,185.24789490091868,863.1469927917566,374.0825212561225,130.16770684696178,838.1430344334647,346.724628674925,154.92289012202752,835.7929672454791,359.6484660053606,-146.11350474223792,1018.2267568953307,,,,,,,,,,326.7257928801457,-142.51950943871276,1010.8396010794173,316.26511911341845,-94.92151991585872,957.6864352683814,384.6139897853116,-95.57426212423731,946.422928846304,397.9994401948485,-138.87199129378098,993.8066378615466
25,323.3894663103761,127.02291609514849,834.4514300514978,327.6747886626618,184.28289569464434,866.1782740038569,378.06447170895154,185.33787533462228,863.5659947085431,374.08194045105864,129.94012222878143,838.1408851951618,346.724234333528,154.93799249128432,835.7920331384003,359.4934262651771,-146.1662540650633,1017.5661531260533,,,,,,,,,,326.9448091086075,-142.81276875561682,1011.9089487350197,316.2659862050742,-95.01830689295791,957.6879078939348,384.2420576689569,-94.79546068064937,945.0925922445892,396.63042562791367,-138.29881222796234,988.9123427692259
26,323.8425673047028,127.10739119399881,835.6200732766688,327.5465956760262,184.15217043031313,865.5634877073137,378.06447170895154,185.33787533462228,863.5659947085431,374.0156300710092,129.87490957058606,837.9920715641971,346.724234333528,154.93799249128432,835.7920331384003,358.19425592513625,-145.26429218788806,1011.208111058405,,,,,,,,,,326.98296708354457,-142.75615736304286,1012.0425423008415,317.8828049183008,-95.52560488614017,962.7932805450288,384.2445986161968,-94.84064136906333,945.1002553617961,400.3622649351294,-139.64328053146008,999.7082642251112
27,323.84734702949214,127.27810890277206,835.633601615081,327.8170102831531,184.206170109418,865.9156084873835,378.26767271547345,185.2005424516383,864.0289938707949,373.64228839739565,129.74745834961422,837.1556041832386,348.0863234124439,155.63130048268906,838.794628256157,358.19387405175576,-145.30265542417172,1011.2068518148276,,,,,,,,,,326.94412223424933,-142.73708532145056,1011.9072589962781,316.76848385551847,-95.06380968876468,957.3711595615013,388.0173606664988,-97.31049796073141,953.4740405451664,400.80717370429994,-139.45208833222375,1000.8204748125961
28,323.8411673153771,127.38053411407937,835.6186672095716,327.6843402816887,184.2021367430564,865.3670257895245,378.0497014158788,185.02619905269478,863.2997319579501,373.6931735056489,129.77347190484096,837.3235625534058,347.86008032306626,155.5597048242814,837.8664070126893,358.19373538857025,-145.33379376153502,1011.2066251366217,,,,,,,,,,326.5387985044848,-142.6144404478715,1010.6524509697738,317.88208132689175,-95.77009944551483,962.3924847755525,390.8643340536214,-98.09989434115116,959.8547302407112,403.4533108216914,-140.00241382063848,1008.8477676549694
29,323.6539812296492,127.1691616993854,834.8501111277387,327.1744687243915,183.92870179146237,864.019943000318,378.32101416867346,185.09272862824176,863.8676941828497,373.6942822064456,129.7521156865239,837.3258236780127,347.42484860067265,155.369528694771,836.3680947680152,358.51706545571034,-145.55722656032123,1012.5789884202625,,,,,,,,,,326.2188183348998,-142.50372068594714,1009.6620000124394,318.4529365548283,-96.04702145119647,965.1690354528286,390.8496608602039,-97.80211575145562,959.8027302447474,403.7765623874614,-140.16233743687258,1009.9983253050337
30,323.65460613335375,127.16794523513346,834.8518071491661,326.3466429700124,183.2822649910514,861.7766416080568,378.3196790214647,185.14625201617548,863.8649344072174,374.1923872054276,129.9525088411686,838.3662330395964,345.86186777839555,154.72567908723624,832.6052978969785,358.61213221674296,-145.61534175407962,1012.9826024461445,,,,,,,,,,326.19246074535744,-142.51990938149288,1009.7751912539323,318.3106884707048,-95.93487844721653,964.0477354532616,390.16136930159917,-97.46383622436218,957.3635107993534,404.63331942559586,-140.65097791244193,1012.7945722578419
31,323.8409060777796,127.28269324425315,835.332843772481,326.33845407331125,183.4501255673239,861.7539732388955,378.315237040355,185.1640416721016,863.852027822911,374.0797248851114,129.86916160976267,837.99393327623,345.8612556135185,154.7463457776522,832.6038176371839,359.35268751261236,-145.97253590170536,1015.1566274687692,,,,,,,,,,325.62565518162364,-142.38306451794028,1008.0437884670234,318.4252868204722,-95.95835179614359,964.3949249432819,388.8702078006283,-97.21268545526702,953.2752438711551,405.11535515083233,-140.98559596905662,1014.508343417582
32,323.5284609139393,127.10782921102403,834.4572635553881,326.33845407331125,183.4501255673239,861.7539732388955,378.164900636633,185.06413315846657,863.4844050548854,374.08055369760393,129.83011769053132,837.9955015600864,345.89409622357977,154.86678217118495,833.1419042731496,359.5084095825022,-146.05626163945433,1015.7927840391596,,,,,,,,,,325.6727674516444,-142.3691459960228,1008.2776834754721,319.19920480377704,-96.21361294618588,967.4309670718688,387.98892661415533,-96.94211081597344,950.6624395039474,405.18712548481557,-141.08709989925362,1014.9872947210179
33,323.470245393803,127.07148721720148,834.2185645210653,327.3086969661247,184.15980866944378,865.0876125704889,377.29408450020657,184.50787925035957,861.519606832519,373.6947481966728,129.68571112538896,837.1311623913781,345.89409622357977,154.86678217118495,833.1419042731496,359.88806790150977,-146.210257696507,1016.8655118586391,,,,,,,,,,325.90499014665096,-142.53018196151098,1009.416203332911,320.84870299444987,-96.7671183037089,973.2890441623347,385.98296712554225,-96.2397653318382,945.4048964063144,405.18750753349514,-141.09359930566967,1014.988349870534
34,323.1840391909366,126.83801363280892,833.0433151084134,326.94339046986164,183.79010658452134,863.4060004717435,377.21276083613975,184.51469191788527,861.3341202459732,374.08585906901004,129.88549538424857,838.4218119532412,345.7858729211417,154.82546838152527,832.881587054924,359.40814819458,-145.94404542455027,1015.3686218704677,,,,,,,,,,325.9105379968633,-142.53260823948833,1009.433386530676,321.52453258794515,-97.09281391798179,976.5642860255388,385.5121377375604,-96.16921482149048,944.5934828691943,405.1895968251785,-141.25255341725057,1014.9930442854054
35,323.1451396825609,126.7570042903093,832.8838171498585,327.2735840123774,183.98148976188983,864.7800801403903,376.9858362718537,184.40732399120796,860.6585099763506,374.18431842546073,129.9984524598147,838.7469571431925,345.20666663226655,154.46494353573257,830.9092606827244,359.39046833645403,-145.83669847979482,1015.3190550368778,,,,,,,,,,325.9095296130672,-142.37872112994762,1009.4309467931643,321.69203494871266,-97.14077874839762,977.3760450265086,384.57461335681444,-96.25773658845321,942.7423381087492,403.91998907063044,-140.9411939884244,1011.1701772955175
36,323.1886625300542,126.42638370941035,833.0521903404542,327.76521613044156,184.08919978488066,866.9720356890057,375.60159643883924,183.72385706742472,857.4982713248548,374.28469086023,130.16366869266727,838.9724184663341,344.8053726090254,154.29368990514263,829.7825541652254,359.3037294471692,-145.7653300653375,1015.0172254818883,,,,,,,,,,325.67770263956436,-142.2119193323119,1008.2935417737484,316.4453183784514,-95.42965098149419,961.4350838635269,385.1782506283913,-96.2805826566259,944.8933668666463,398.9541871115689,-138.78108237291985,994.3853807458419
37,322.6396514825562,126.18448487848339,831.5196310687909,325.6450572043273,183.00876345097916,861.4758538204795,375.5679287323736,183.7223884732456,857.3853152922478,374.77596710114335,130.34958638426892,840.0634990349038,343.796714322562,153.84171195843416,827.3554734362737,358.1049941683173,-145.13677942982247,1011.6314031364614,,,,,,,,,,325.0713582557731,-141.86895165300524,1006.4168307870704,316.4434876875012,-95.21307951706096,961.4320759092589,385.1968053318982,-96.29714352736816,945.0546234996406,398.9541871115689,-138.78108237291985,994.3853807458419
38,322.5628466359462,126.13331622621897,831.3186574589377,325.6801408283554,183.0038223684881,861.6228350423975,375.43774643885337,183.6288517310105,856.9485502912324,375.4159545266001,130.769752944746,841.9024982051229,343.76829830105476,153.7933419416627,827.2870412783693,357.7997353816022,-144.94525100301206,1010.8262312723443,,,,,,,,,,323.476888499802,-140.83436703522742,1001.0119757750725,316.1246865720375,-95.65219049227291,960.4576150796327,386.11577412462333,-97.14618863893708,948.5260591615036,396.80620223044946,-138.22953307402628,989.0311684937158
39,322.56481769036435,126.14367964750663,831.3267472922414,325.8311880350384,183.17438208576573,862.2556403694983,375.85478403670425,183.80139660558163,857.7970454515745,375.1942956908489,130.64129381009755,841.0745583673421,343.76829830105476,153.7933419416627,827.2870412783693,358.1634506545154,-145.08554384524425,1012.3727557168104,,,,,,,,,,323.0249923828552,-140.5564439142472,998.7878589561127,315.0515240178163,-95.1275782270707,955.2017328647551,386.68360008167014,-97.40558252883483,950.5500990918832,397.9931633277023,-138.8334703732282,993.2724281166575
40,322.969374621483,126.36781326642377,832.8234485288864,326.38830122264966,183.64038137990926,863.9111435373741,375.98654166380766,183.8957109391121,858.2388121386484,375.1320311222848,130.47353426142791,840.8616203916283,343.00393276251117,153.1858799328906,824.4581058782653,358.7908459849949,-145.32209223555634,1014.5470095040338,,,,,,,,,,321.89340370373975,-139.68553042019602,993.7194200965239,314.02132795151806,-94.53666524505311,950.1613831656987,385.4419118238031,-95.76402684971681,948.1564812336958,398.1709734835761,-139.05530249630294,994.8499790540803
41,322.7428719933426,126.14609258471887,832.2384350443343,328.8826488657525,185.79473519150525,872.3963469165685,375.9881511445197,183.72378325497337,858.2415391986583,375.12887288622625,130.34503846215097,840.8540154561007,342.85409496796456,153.07143043341796,824.0163843552704,360.15962421257575,-146.0775148196848,1019.6135751750468,,,,,,,,,,322.0144551893408,-139.62981220923163,994.7819007467116,314.02132795151806,-94.53666524505311,950.1613831656987,385.4306207416221,-96.4204911663955,948.1161474509704,397.8758946508105,-139.16871032723603,994.1115302623078
42,323.1618573862839,126.3645158094602,833.6075340830704,328.882012122703,185.83799509821858,872.3949164985619,375.56173266626473,183.3292038094336,857.0958401640842,374.8006552255677,130.07835153945987,839.772209878104,342.85519503121617,152.9975193650868,824.0186534736237,361.1299445222527,-146.51142042523927,1022.5248484335608,,,,,,,,,,322.1137895636458,-140.14583934560864,995.0863651631977,314.02132795151806,-94.53666524505311,950.1613831656987,384.5516243182971,-96.46645438461586,945.948482831171,396.65558392142157,-138.39090880587446,989.9334454663449
43,323.4859139538541,126.56598527067102,834.9372941060094,328.8832616826379,185.99847075562263,872.4001356915992,375.16056898755477,183.13612966852807,856.351514888135,374.66707834791345,130.0492745327976,839.4728734602402,343.4858809613158,153.25101192908312,825.6155127610388,361.7644321157979,-146.80057406255494,1024.4583016706226,,,,,,,,,,322.11363774274446,-140.2234049098941,995.0856176110196,315.04873182089784,-94.82821333865783,954.6463172398355,385.43091736313795,-96.87508340715519,948.1137797144296,397.7015333339688,-138.43214700486598,993.6762872972055
44,323.1580373409719,126.56910589825985,834.1039035668426,327.1284895693929,184.6402520189562,865.6958892030585,375.2804368240162,183.1669098740568,856.7521335629449,374.63385735009706,129.88114334582593,839.3974279286998,343.621479398908,153.31158506667308,826.1164835755304,363.0025388436165,-147.2823361626483,1027.8269685333898,,,,,,,,,,321.7653228802202,-140.10520996226484,994.2135706430514,317.1173247226976,-95.52912398522552,961.7090023104622,388.7384362828147,-98.87429836017765,956.6671360641608,397.8762725544166,-138.4928655866631,994.1128824466368
45,322.7533813633545,126.43136797590697,833.0478425636252,326.7711874722427,184.38086104640104,864.5784916361409,375.3883423013821,183.3032840906326,857.1142993470443,374.6385962363354,129.89907322041088,839.6978522648029,343.6705449302998,153.325514649894,826.2344316319441,362.88542869580687,-147.30979711490687,1027.3297644041324,,,,,,,,,,322.89858047016037,-141.02506292459276,998.9438606887988,317.68698021512307,-95.71803748591348,963.4371804178412,388.74108853603167,-98.9889049223419,956.6745677062821,398.88228848691773,-138.96485977398035,997.7618131819572
46,322.7533813633545,126.43136797590697,833.0478425636252,324.9095927082802,183.32027425535637,859.6529394545462,375.4534175079881,183.33093393824177,857.2628329459246,374.1845593369691,129.71722709009697,838.6800683496938,344.2180443406935,153.58517794813585,828.1460844637244,362.04010231286605,-146.77444223654797,1023.7540697428781,,,,,,,,,,323.7971779416284,-141.6899761468217,1002.8894396366213,317.6853713064129,-95.52409140815631,963.434090503175,390.43388976803817,-99.49501543000329,963.0951068397211,402.85241539728975,-142.50514940054617,1011.9671988284745
47,322.6775840820644,126.1429203186111,832.7280245840201,325.0193921462939,183.4371238701171,860.113613441199,375.6473366317666,183.4256773961479,857.7056036740994,374.1846941751396,129.75913854015462,838.6805132851592,344.6300564975519,153.76424618251409,829.2701499683357,360.9122992249787,-145.96519027542178,1019.1016565410556,,,,,,,,,,325.6867475528366,-142.47752007146144,1009.0742326103945,317.1167478645743,-95.56348634594595,961.7077704564268,390.43554183068665,-99.3922613612246,963.1009906345597,403.547316373388,-143.5100526938359,1014.453496680238
48,321.3266649382793,124.41575556344192,826.720830837341,325.30103788340585,183.6326371183265,861.0396850585039,376.50413181912523,183.88536349151659,859.7615179830367,373.94741108127795,130.009289796707,837.9082771621721,348.82024555703435,155.83549434367083,841.0550816708914,360.355511135282,-145.7196660615405,1017.5295631457835,,,,,,,,,,325.7774148379236,-142.38782994744898,1009.5165627388575,317.0378411260348,-95.50828337946055,961.3227642902575,390.05252078751755,-99.40956151105648,962.1570315589138,406.1887028017719,-145.80280828441568,1024.100679937847
49,321.5934366586444,124.5191701295213,827.407191412258,325.6751036689635,184.08884357679378,862.6147501640944,376.9245942007407,184.07096213579112,860.7215388154225,373.1679759278284,129.64869636942285,835.337277373684,349.2800927104834,156.07250046803867,842.7438492408819,359.92678006071935,-145.45569116024848,1016.2543347170889,,,,,,,,,,325.7778947406002,-142.46321955592916,1009.5172465654462,317.60497960073843,-95.48516088487709,963.0422650701668,389.52589273458005,-99.04938808324584,960.2765871520214,411.1036365960169,-149.9704895796516,1047.2116082070272
50,322.0829331209182,124.89934167853355,828.6674662266364,326.106308601942,184.1442603003889,863.7561299581296,376.93976041516834,184.0655215275885,860.7723501077966,372.7115442222865,129.54895027543287,834.3159271667615,349.37669140315467,156.11222284488497,843.0981480709039,359.7965554611996,-145.28575641733565,1015.887058622771,,,,,,,,,,325.31938882901034,-142.63401112221658,1007.5949670615822,312.528829688211,-93.99968439574981,941.1096243341137,387.9802906626427,-98.11982513118666,956.4631311860957,408.869662000038,-150.1452516953041,1043.322800646682
51,322.0824369808055,124.96312975661782,828.6665779018523,327.2414768128375,184.60501877163827,866.1742620732475,377.3430108865153,184.11313201809332,861.7785926619821,373.4086307428383,129.98658329170686,835.8771470278352,348.60649836689157,155.76317576826693,841.1185884445542,360.56787788522837,-145.75841553717336,1019.1542125838987,,,,,,,,,,324.35023426449095,-142.38765625457182,1004.2238066046142,311.9543155428052,-93.2338728838945,936.2242436406185,389.5084469094078,-98.90739018699986,960.2239483127684,394.82813163585433,-145.70029255920366,1008.523081399839
52,322.4472042266273,125.11393643680624,829.1648580266077,326.04091290343587,183.41593520590104,861.0119219894996,377.8186383701888,184.4026941260658,863.3685219712178,374.4012071978873,130.5747583207585,839.4474968056471,348.4645024773278,155.64690818804687,840.59532103318,359.75976507243115,-145.40676638340764,1016.8701659552985,,,,,,,,,,324.1710270578536,-142.62009425365497,1003.6700264194474,312.8122235643221,-93.48969229994269,938.7989628831833,392.4883563938427,-101.81955421480701,970.8319644358903,394.189147501888,-145.50927469644256,1007.1955088959402
53,323.0348049195529,125.53266396883528,831.0489491287165,326.670758769978,183.67455010894736,862.2617711141838,377.91500564477985,184.68588699257404,863.9994321508473,374.7546110073817,130.89335527516465,840.6179045240793,348.7056776451505,155.71411897402427,841.4788263446751,359.71688308421,-145.26156736687759,1015.5480572165578,,,,,,,,,,323.8288851590214,-142.46222561864187,1002.3345573920323,312.293859823924,-93.62107235811662,936.2748578778845,392.7900859225645,-100.23372287453233,971.5535200065015,393.6062563009736,-145.40905722675046,1005.7056896298379
54,323.1165661324102,125.63817587675221,831.2596714363985,326.670758769978,183.67455010894736,862.2617711141838,377.6755977215224,184.56435252397674,863.4520556471992,374.8427553151822,130.94875689698074,840.9087733411307,349.011219634861,155.92440557669696,842.2165678318771,360.2086483269383,-145.51278760463634,1016.9361088916132,,,,,,,,,,323.2967145720944,-142.192387191644,1000.9640188613893,312.07274310698216,-92.11603692614132,935.2334903441975,392.78782956479284,-100.32886999997281,971.5454834877426,393.8130302535012,-145.48531801733643,1006.2340196365149
55,322.87220688726944,125.49853744414656,830.2595490807433,326.92735870575194,183.79864831048593,862.9386080689889,377.6267969548046,184.54048611056965,863.3404858852803,374.9470666457662,131.09111765801845,841.1434448967701,349.823419120167,156.26903174206785,844.3662261742107,360.21053913496866,-145.89178638332453,1016.9397572214863,,,,,,,,,,322.8493813755336,-141.9959569522126,999.5790204085107,311.91137204717626,-93.45672885663578,934.1385008462149,390.75293106325125,-99.71069723926178,963.670458050954,387.50994855586424,-141.61816976066154,983.0695535058283
56,322.7226708757631,125.5879030501551,829.6475227241011,327.00553364526536,184.08935560166722,863.2649449854171,377.38235242092765,184.29887437605845,862.5905061775808,374.7504713802049,131.09254486075199,840.6098583006434,350.22517493578965,156.54029999184465,845.572771049777,359.8790904393468,-145.8256993645006,1015.7700250923012,,,,,,,,,,321.4022510044527,-140.78082932807914,992.4610779024681,311.91347188175274,-93.62179932486508,934.1445044659625,390.29447215459294,-101.05158891328706,962.5554963838562,386.0710389933512,-141.1459896036664,978.6015089866894
57,323.26798343679604,125.99372852698252,831.6520591623428,327.09244734001254,184.4711529171619,864.1793693718191,376.55472152434385,183.77007936987115,860.3593800359288,374.73867464635396,131.03886949058005,840.4565599028683,350.2624263632809,156.55696811278284,845.6627097958747,360.4850302648512,-146.0469434331141,1017.3151674892752,,,,,,,,,,321.401855412079,-140.59701738257908,992.4591284541235,312.23916734326906,-93.61674578321329,935.7341896628599,393.9136731861361,-101.83648040727215,971.4843018857554,381.9118841604093,-138.90807545258278,963.8208698933386
58,322.87240403334465,125.7489336079176,830.0334599267266,326.6794438190346,184.10084331382112,863.0863851534186,376.28211126879023,183.65292178862006,859.447553896991,374.2201069855718,130.76670836922787,838.709612986445,350.23034590812284,156.53336000780646,845.5446211999365,360.3772465273431,-146.01138121356826,1016.8599100939267,,,,,,,,,,323.87012008959664,-142.20392535052994,1003.787487487652,313.0750028729153,-94.18978604658963,939.7987455896604,395.6844058315354,-102.6199669403775,976.0030774521653,385.03681567289493,-140.8143146005645,975.9786983949454
59,322.5927123506959,125.63702759825478,829.2953763838422,326.644018889946,184.0319776483406,862.311313863022,376.5741376302827,183.9194930682863,860.1153169494464,374.9139348802144,130.98506283682207,840.2644579787286,350.0763125646127,156.35494999526273,844.9767862678053,360.6003468759558,-145.99057799735786,1017.8066495924911,,,,,,,,,,322.68885735502994,-141.18193660207888,997.3207232362315,313.2729380824311,-94.57844679601207,941.1571342812953,399.7755579924793,-104.03196746243854,988.6234477773249,385.7468447300782,-141.2910271258363,978.5934807051705
60,322.4110956856254,125.67601072950347,828.8291492114807,325.28892674835714,182.98018544217905,857.282822250768,376.2795676316123,183.97000060092495,859.4431553966585,374.91808279299283,130.76402627179166,840.2725253553849,348.4205981954645,155.15613352094513,839.547255998369,360.4094954377028,-145.84313444327609,1016.9517148325771,,,,,,,,,,323.000425399218,-141.45224223131532,998.8547244175,312.5759339729248,-93.4967170057009,939.3614240666765,,,,391.09765125284457,-144.3595989140274,999.7814779630903
61,321.5875527656801,125.42278913469629,826.7125615717753,325.28749451922437,182.93112743349317,857.278048513024,376.6675148155622,184.31215189633141,860.4325001948538,375.66260062457445,130.9581273452313,842.5469072735094,346.793171648944,154.34042082215606,835.6255787055577,360.48502708729575,-145.76871597841154,1017.1652825859936,,,,,,,,,,323.61316448789216,-142.21282482448507,1000.7498867491815,311.95146536681636,-93.44579747944859,942.1798410390779,406.1913737897184,-104.19458589784222,1001.9547342855175,391.5529308818387,-145.02466329471758,1001.4605999367376
62,321.5781381355516,125.67522736196507,826.689674812713,325.2856100929776,182.83687419426428,857.2713862449808,376.9610880572638,184.54285470023524,861.1036354002634,375.7546878220212,130.89880756389823,842.7529647906221,346.7179844639024,154.2655314693299,835.3477519185864,360.7338468913614,-145.96123793947933,1018.1858073051883,,,,,,,,,,323.6125752217463,-142.25026254953414,1000.7486495461524,315.1077845226723,-93.69866795981885,951.7171637958851,407.1824352324573,-104.55612370529485,1005.4246231105199,392.04819938216656,-145.69021722207526,1003.2872053530317
63,321.4319889927534,126.17377532384457,826.1005445078554,325.28227910961203,182.8350019116681,857.2626076312373,377.8858002031056,185.0581414918255,863.669056518561,375.66420156078226,130.8419592980854,842.5498418594375,346.7182835755552,154.30510793631228,835.3488540822228,361.2022804162478,-146.1132331332435,1019.5849212918309,,,,,,,,,,323.6125752217463,-142.25026254953414,1000.7486495461524,315.1086195135128,-93.31730843104698,951.7212372024064,400.56847659514847,-105.12246559391991,989.0651359991745,393.0417721323144,-145.91492851529793,1006.0842243152622
64,321.43091171067545,126.23832058681238,826.0981261679374,325.2291253601089,182.78767494885597,857.0406198996149,377.74366743405807,184.89149659838287,863.0180064128893,375.2334803188355,130.57981948721,841.3428547478686,347.00760208044505,154.50031417373276,836.1951056747507,362.0054152039818,-146.45697090837166,1021.851879111393,,,,,,,,,,323.6125752217463,-142.25026254953414,1000.7486495461524,313.39120869785575,-93.24253147556716,942.9715761727414,396.99399139539236,-104.51022329770088,980.2337209548118,393.074638432425,-146.01654760761085,1006.2053344684729
65,321.7074207518168,126.39743713735041,826.8092627250201,325.3370362478052,182.53504937125786,855.8723130814654,377.7433553182429,184.7983176532132,863.016961258765,375.2338860983085,130.47448004545683,841.3432568458644,347.1103537887087,154.704409692452,836.4431806027017,363.199836996154,-147.06077400803733,1025.3776916337565,,,,,,,,,,323.97247112545205,-142.51593373370676,1002.517659326522,314.06836120592885,-93.4435449885599,945.0090832020575,,,,395.678501252391,-147.07011832846834,1013.4711280459211
66,321.9602811156235,126.48267320454826,827.1186986636353,324.5259618140319,181.66685590394852,852.490792601662,377.84858645144635,184.8776208290422,863.4168777478025,374.1982302873944,130.00027110574044,838.9201009435483,347.4129439226213,154.93721460068735,837.1725835048042,363.4133824670622,-148.19351309173226,1026.128868099634,,,,,,,,,,,,,309.93270358467987,-91.17085437443997,921.3991589564404,385.8902917005385,-101.42831995805105,952.8236847328899,397.5160758507867,-147.06339643351038,1018.6131612569332
67,322.11589946750735,126.49340053673359,827.517985854511,324.58726969479864,181.58425569791208,852.6516370077404,377.8867160949361,184.90951465095407,863.6704164971978,373.8104352387651,129.79864407100249,837.842145531002,347.66386439816455,155.07434063735883,837.7772145203297,,,,,,,,,,,,,,,,,,,,,,,,
68,322.1155650421491,126.50780653258707,827.5171879955758,324.6941994235893,181.76022455940583,852.9327314038453,377.4453859452459,184.72106791321542,862.8942028590717,374.10002195661536,129.7838280011754,838.7993128843483,348.7862178406926,155.62709049232413,840.7621586249227,,,,,,,,,,,,,,,,,,,386.24733987513093,-102.16899268878677,955.5017514636401,,,
69,321.98404576150705,126.68976932990257,827.2166045408477,326.275543607755,182.7406852732424,858.2813256226423,377.0428874668413,184.33976485413945,862.1255323154114,373.8085252266571,129.63584904631912,837.8367731263305,348.8527267509914,155.62084121682696,840.9224066759315,,,,,,,,,,,,,,,,,,,,,,,,
70,322.0757025860395,126.76801689720135,827.5920096417331,326.85775399461687,183.19207239224716,860.7015799568343,376.23827613956297,184.0570833825896,860.2861738119179,373.65957183941686,129.4773006663106,837.5021868722853,348.90209122995617,155.65439380411308,841.1038093462803,,,,,,,,,,,,,,,,,,,,,,,,
71,322.4862165940268,127.04211926604073,828.9684465317708,326.4724874662899,183.35784155028767,860.3431731035989,375.73407684522294,183.8170772163743,859.1333226051405,373.7100954791543,129.53312522944756,837.9447981404307,348.8562850533001,155.6313098049313,841.018361417477,,,,,,,,,,,,,,,,,,,,,,,,
72,324.4564893394712,127.5975579431553,834.0317815519608,327.05569897810255,183.8301171490225,862.4813388252687,375.2757948642707,183.5989567009445,858.0854612472069,373.90503809117274,129.66247740278888,838.5858839664681,350.25656796139515,156.602740247338,846.1637870784065,,,,,,,,,,,,,,,,,,,,,,,,
73,324.459957015544,127.40379633523669,834.0393287422436,325.4404908064008,182.87477601114765,858.2295414833674,375.3081515035625,184.00663436198226,858.1939883785548,373.90487544549165,129.6196924887008,838.5853467451863,350.85076401131954,156.8472950014506,847.5991243613305,,,,,,,,,,,,,,,,,,,,,,,,
74,323.75512915221793,126.96479616676092,831.1639562859947,325.8565689252974,182.98963274655827,860.0860207433743,375.27370959622004,184.0212953540775,858.1275911313477,373.9055537617782,129.5895551960007,838.5866528870998,351.2827926256328,157.0405758929991,848.6428364778236,,,,,,,,,,,,,,,,,,,,,,,,
75,322.85836929760325,126.2911432304545,828.8580553078015,326.01166469534206,183.02345479958544,860.7301297044121,375.6660051372883,184.28202711055198,859.3964646878533,374.04855163869144,129.5202703648733,837.9941378331787,351.025141317429,156.8322452847034,847.6963276398852,,,,,,,,,,,,,,,,,,,,,,,,
76,322.85758472353166,126.19201477059154,828.8548493590397,326.0959731644618,182.98055746121176,860.9519544850582,375.7585759920913,184.3259868822772,859.608227830344,374.0182408163113,129.5189386100513,837.8941497270447,350.7236426604027,156.62766527329347,846.5899702299812,,,,,,,,,,,,,,,,,,,,,,,,
77,326.6000169591861,128.91222419539457,844.1570890362195,326.0944898238414,182.9497178817526,860.9472740482685,375.8885153815923,184.09887996497406,859.9038563178032,373.48880436782304,129.226049971755,836.1469684747716,350.46205209634627,156.55790094146423,845.852282281129,,,,,,,,,,,,,,,,,,,,,,,,
78,329.973588374591,131.19360231350277,854.8566525469091,325.3073802837495,182.23795636338323,857.7873631917508,375.79800458751055,183.74029625159545,859.5497417039174,372.93484701168234,129.01410208553742,834.7761452143341,349.0351672706138,155.94902565961868,842.4088936045562,,,,,,,,,,,,,,,,,,,,,,,,
79,330.0123188313552,130.87712940676107,855.0114100606039,325.8702525900544,182.02259733726711,858.4788574183477,375.88705160155484,183.73273897885883,859.7315480821667,372.0925957417789,128.72245025953475,832.8908506002689,348.8024323042805,155.70537583456843,841.8458119506524,,,,,,,,,,,,,,,,,,,,,,,,
80,346.73931612794576,137.16216452529278,898.372151141783,325.7309492053574,181.94482515277795,857.5161271417492,375.8868676562795,183.69800948959107,859.7309300195801,371.6651376111686,128.58072709184538,831.9339811292825,350.2777954383498,156.87535342226718,847.274565654985,,,,,,,,,,,,,,,,,,,,,,,,
81,,,,325.47773398568853,181.8779869556769,856.849465794475,375.7812642277541,183.6019384899129,859.4883712262047,,,,357.181735402198,161.898390342107,872.6783382889181,,,,,,,,,,,,,,,,,,,,,,,,
82,353.2497177884474,140.73798253670483,917.2108646681286,324.5343538407099,181.46600238321687,854.3677067918977,375.94537554949693,183.72180817768583,860.0498519598399,371.601742021619,128.30587734825306,831.7496754962754,360.9073425778887,164.80183583402587,884.4793663666673,,,,,,,,,,,,,,,,,,,,,,,,
83,350.9234233034854,138.44504004857438,911.1619203985726,325.31824230551376,182.37080869175995,857.639340850314,375.51964557510615,183.5136301795636,859.0759096197469,372.2926345389896,128.58113485533374,833.7729684318958,,,,,,,,,,,,,,,,,,,,,,,,,,,
84,,,,,,,375.4332381972397,183.319483164869,859.2807063366597,372.29303850025116,128.5085667192246,833.7733739975484,376.50625696910816,174.87047738769232,938.6291059474675,,,,,,,,,,,,,,,,,,,,,,,,
85,,,,,,,377.18319381326245,184.3903841323572,865.2278296294048,,,,,,,,,,,,,,,,,,,,,,,,,,,,,,
86,,,,,,,,,,,,,,,,,,,,,,,,,,,,,,,,,,,,,,,
87,,,,,,,,,,,,,,,,,,,,,,,,,,,,,,,,,,,,,,,
88,,,,,,,,,,,,,,,,,,,,,,,,,,,,,,,,,,,,,,,
89,,,,,,,,,,,,,,,,,,,,,,,,,,,,,,,,,,,,,,,
90,,,,,,,,,,,,,,,,,,,,,,,,,,,,,,,,,,,,,,,
91,,,,,,,,,,364.4198647807027,128.18869199772223,815.5245318074823,,,,,,,,,,,,,,,,,,,,,,,,,,,
92,,,,,,,,,,364.94222352911225,128.0129135518473,816.693004845449,368.42760536994786,166.59518158181783,906.9660387105083,,,,,,,,,,,,,,,,,,,,,,,,
93,,,,,,,,,,365.71414422164395,128.30081917989637,819.2634703421759,368.13500134410515,166.4543457354348,906.2456723576684,,,,,,,,,,,,,,,,,,,,,,,,
94,,,,,,,,,,365.7429913968205,127.13861731039758,819.3257921204508,367.9379068888509,166.24498359633444,905.5232834570538,,,,,,,,,,,,,,,,,,,,,,,,
95,,,,,,,,,,367.7718738090278,127.7778471556404,824.4901088656576,367.56593082007623,165.79410327394376,903.7704880523539,,,,,,,,,,,,,,,,,,,,,,,,
96,,,,,,,,,,368.31813239560574,127.40462965465592,825.7448502265283,370.7175718897313,167.18401039886587,911.5195216196904,,,,,,,,,,,,,,,,,,,,,,,,
97,,,,,,,,,,371.33773709399287,128.50223767734792,832.6592603358747,371.4365033489363,167.2665968336996,912.9860154849507,,,,,,,,,,,,,,,,,,,,,,,,
98,,,,,,,,,,372.07209512586587,128.74538690523846,834.4276047480051,371.58938933174113,166.98199321193925,913.1443957750919,,,,,,,,,,,,,,,,,,,,,,,,
99,,,,,,,,,,373.1475452726276,129.11541869803327,836.5723234330335,372.2518610480031,167.1562493658669,914.9868805731419,,,,,,,,,,,,,,,,,,,,,,,,
100,,,,,,,,,,373.14849006496564,129.2899951804666,836.5754458917185,371.5884673163613,166.79411266893905,913.141049066735,,,,,,,,,,,,,,,,,,,,,,,,
101,,,,,,,,,,373.13870347259706,129.2605452192001,836.138790923324,371.2855010339048,166.58245841074807,912.0447146597376,,,,,,,,,,,,,,,,,,,,,,,,
102,322.7635568127425,128.82538644232312,834.7864671643051,,,,,,,372.9927884504396,129.23580562263166,835.6567917499515,370.071863594658,165.6320292428957,908.3515946717686,,,,,,,,,,,,,,,,,,,,,,,,
103,319.9926569534475,127.41596257759376,827.1151483622485,318.6539108408728,176.99594748822875,836.775534573721,,,,372.92589610495804,129.33728324406894,835.4369907735517,366.17850799517794,164.10025054146757,896.8477641704237,,,,,,,,,,,,,,,,,,,,,,,,
104,319.9678847964176,127.3136335845543,827.0098050301859,317.72656106531247,176.45805376197805,834.3400299376693,,,,371.9613189501789,129.03686762598497,832.4336709395964,366.13500230779005,164.01492444760405,896.740229738168,,,,,,,,,,,,,,,,,,,,,,,,
105,319.7832610428191,127.12967732913481,826.2490770666731,317.61527046637093,176.3618498260221,834.2195095910091,,,,372.1004882251474,129.06919914467562,832.744992152876,364.01199910666674,163.05122669762957,891.5402809514352,,,,,,,,,,,,,,,,,,,,,,,,
106,319.77266945193855,127.03188286319019,826.2020998609647,317.76110007044764,176.49628079104517,834.8351674843051,,,,371.9601449393651,129.02678725878752,832.4309516608911,364.3874388209264,163.42853083498852,892.9121020135593,,,,,,,,,,,,,,,,,,,,,,,,
107,321.24914621209376,127.51713597134295,829.7989451959088,317.82632848938186,176.57073433470717,835.1331430459155,,,,371.38809070390886,128.76423184142394,830.3932570854255,365.5072536690719,164.63746196888556,897.0065631054338,,,,,,,,,,,,,,,,,,,,,,,,
108,321.02451971660815,126.96387489544796,828.7164924977213,318.7479305987978,177.7672039765852,838.6525922027095,,,,372.2720912811466,128.93531110958875,833.3153526836362,368.66958513368064,166.8916022636695,905.2143230129063,,,,,,,,,,,,,,,,,,,,,,,,
109,321.02451971660815,126.96387489544796,828.7164924977213,319.1027715817828,178.18237973931494,839.7588323338114,,,,373.14235089637526,129.29465128127907,835.6375588646547,368.93810533384783,167.31579242189352,906.1943626041266,,,,,,,,,,,,,,,,,,,,,,,,
110,320.71328375208213,126.50209580535763,827.9108663577155,319.46721601502827,178.51196424122168,841.244306427621,,,,373.310474520925,129.35295937956457,836.0140652643327,369.8881464860901,167.86307660624126,909.1519521650058,,,,,,,,,,,,,,,,,,,,,,,,
111,320.7384450192543,126.65721379025547,828.0146606287484,320.0090358811323,178.9842000010883,843.5292849105012,,,,373.9393411182169,129.63530431588615,837.4242160272514,369.8881464860901,167.86307660624126,909.1519521650058,,,,,,,,,,,,,,,,,,,,,,,,
112,320.7992638928197,126.75704559327015,828.4840103451947,320.0089709942728,178.9696391807919,843.5290112283825,,,,374.14483742401245,129.93788259701222,838.1005307282296,369.5019884634446,167.8938101948182,908.2137009969381,,,,,,,,,,,,,,,,,,,,,,,,
113,320.5217328346146,126.81698725050852,827.858809213635,320.1034896088483,178.97013275354246,844.072978701554,,,,374.5249113564232,130.0303154596533,839.1500135929973,369.56600404950484,167.99248796874258,908.4467389394683,,,,,,,,,,,,,,,,,,,,,,,,
114,320.1688641045991,126.90734484934586,827.898814654849,319.8401506553063,178.61377233674685,843.0820507643693,,,,374.57474402342535,130.0557398492466,839.3143182121854,370.3941875301481,168.67073562406145,910.9878516234578,,,,,,,,,,,,,,,,,,,,,,,,
115,320.7669211026332,127.60426393505736,830.3725703154271,320.0278527123389,178.73810775272838,843.8721845221839,,,,374.31650725441506,130.03123673677172,838.8108557634042,370.95373716161293,168.78069738777333,912.3633606067954,,,,,,,,,,,,,,,,,,,,,,,,
116,320.88918562137985,127.76631644202286,830.879744710688,319.7473044510239,178.461635709668,842.5662125830012,,,,374.13280804909033,129.96421665879745,838.3772630890168,371.6846563565191,169.03310276948176,914.1606366401066,,,,,,,,,,,,,,,,,,,,,,,,
117,322.0220071437191,128.59689683903449,834.5184021184259,320.15499632109015,178.732395800656,843.6407954431342,,,,374.179335197423,130.03398859910055,838.5037028460949,370.92871251323754,168.2915239717612,911.1501646782433,,,,,,,,,,,,,,,,,,,,,,,,
118,322.7238019887605,128.64176170705355,836.3363728830285,319.52511894601844,178.07227703292145,840.9856969635473,,,,374.4180323900674,130.13702893314488,839.5448377776776,371.4364125417082,168.019195709758,912.3933574815817,,,,,,,,,,,,,,,,,,,,,,,,
119,322.96549820105406,128.73042082146327,836.962571896877,319.3684040163284,177.67475943887592,840.322413970899,,,,374.24021166087675,130.13767555312188,839.5680702619342,371.4470698841842,167.5291654117224,912.416954279507,,,,,,,,,,,,,,,,,,,,,,,,
120,322.9558309060548,128.72428889413453,836.9227041391949,,,,,,,375.6710476704542,130.4719544524984,843.6789290530866,374.89465090274933,169.07600030591135,921.1004859071578,,,,,,,,,,,,,,,,,,,,,,,,
121,,,,,,,,,,375.6710476704542,130.4719544524984,843.6789290530866,375.90897614966065,169.50857098063298,924.6350937956914,,,,,,,,,,,,,,,,,,,,,,,,
122,322.1927933084987,128.02445370707008,834.704296310983,,,,,,,374.9783776317845,130.23115667118236,842.1233352108138,376.7492869357421,170.07410928846676,927.4541118253167,,,,,,,,,,,,,,,,,,,,,,,,
123,322.19063628904513,128.27576137978264,834.7006218908676,,,,,,,374.1445481031131,130.09966694692076,840.2515896885375,,,,,,,,,,,,,,,,,,,,,,,,,,,
124,321.8880428436292,128.42222764309875,833.8025982000131,319.63986044469584,178.0693248433007,841.1243199284196,,,,374.0525250981175,130.18519115357398,840.1089549725931,,,,,,,,,,,,,,,,,,,,,,,,,,,
125,322.1099748986023,128.51085886216987,834.3774802152219,318.5743754619307,177.6124681792,838.5107284551322,,,,373.74632547030274,130.13261724579218,839.0963428333689,,,,,,,,,,,,,,,,,,,,,,,,,,,
126,321.7256794218909,128.27113072348791,833.131981995093,318.3855496023344,177.4359171864755,838.4938808580482,,,,373.8948349362459,130.2144943138473,839.4299179393485,,,,,,,,,,,,,,,,,,,,,,,,,,,
127,321.86540033220405,128.338317306736,833.2563138936002,318.90716417592085,178.06814142846108,840.6978030159721,,,,374.14155393304276,130.24848397322455,839.9833548866368,,,,,,,,,,,,,,,,,,,,,,,,,,,
128,321.8728713878204,128.38790969639385,832.8253045571031,318.90636294911104,178.1340945753815,840.6962143184306,,,,373.85202142168805,129.984821335996,838.8476995464326,,,,,,,,,,,,,,,,,,,,,,,,,,,
129,322.75258584620565,128.62790056406763,835.0181810660332,320.5078866957001,179.05372874593633,844.9183793550357,,,,373.4034727186597,129.61444705438666,837.3049556138269,377.4601303594477,171.09890548915445,928.1603665126029,,,,,,,,,,,,,,,,,,,,,,,,
130,322.5838249106111,128.49551747159472,834.3225219464072,320.5090251607253,179.02962601803196,844.921375475275,,,,373.40317014505933,129.55004840093196,837.303955768005,,,,,,,,,,,,,,,,,,,,,,,,,,,
131,322.6906495302508,128.14949709376478,834.2496254495283,321.12483816510013,179.55630701971515,847.5165385413741,,,,374.86563755158295,130.05314851716136,841.1205106227793,377.49918930655315,170.49715614788678,928.3045716737852,,,,,,,,,,,,,,,,,,,,,,,,
132,322.5638015673802,127.56032266169457,833.4746345155273,320.50694077768674,178.9016800390043,844.9546311292823,,,,376.0123782612028,130.53610666391174,844.2440497513219,374.91854596376373,169.66063603355187,921.9052479748314,,,,,,,,,,,,,,,,,,,,,,,,
133,322.64259594995997,127.59150008543588,833.6782318995871,321.1243329230929,179.61809653993788,848.6722687440827,,,,376.0123782612028,130.53610666391174,844.2440497513219,374.0190062239647,169.06218371225208,918.6518926431455,,,,,,,,,,,,,,,,,,,,,,,,
134,322.6407990035061,127.6854338353655,833.6740204136626,321.17510845553227,179.52487335436933,848.8835187378203,,,,376.0074418372676,130.79984229310574,844.2343441472223,368.2955462310403,166.47232875179765,904.5941365687239,,,,,,,,,,,,,,,,,,,,,,,,
135,322.9817237659008,127.91860107046493,835.1975478397718,321.12303675298614,179.42918323368218,848.666798912572,375.9818212600435,182.65513957170612,861.2887518680525,374.79133029846275,130.28719253090208,840.520143259553,368.29666301625423,166.42980314595226,904.596815819994,,,,,,,,,,,,,,,,,,,,,,,,
136,322.29529077156826,127.69469314847527,833.7384916067274,321.2339497539778,179.4911922703216,848.9599209457187,375.2453158060882,182.67906080037264,859.1508526265415,374.2189435854008,130.22251484693396,839.1339684935917,375.2906623205302,169.77882230065345,922.7903488766949,,,,,,,,,,,,,,,,,,,,,,,,
137,322.3068321504999,127.57982839755564,833.9956472615759,321.38159790457695,179.61866076790068,849.413318171109,375.0658852281939,182.52317838595116,858.2135823324029,373.46785858605296,129.92323354748922,837.2990897370206,375.7132875112582,169.93391327480424,924.0972335186312,,,,,,,,,,,,,,,,,,,,,,,,
138,322.1418536142693,127.48732706906645,833.6528530235078,321.8477454895964,180.04482669766728,850.6621773635017,373.8907485855133,182.5764176318194,853.9807169611893,373.2715075784412,129.85933813997548,837.0092976615804,376.27692546730617,170.20271911677045,926.130845436724,,,,,,,,,,,,,,,,,,,,,,,,
139,322.0128349532349,127.37184658632539,833.3183961543398,322.01136224027783,180.20289263686408,851.3523776777272,374.07730869400655,182.664158971009,854.3908646326105,372.8207321823373,129.73261665572286,836.1013637137182,376.2771848239862,170.23505719499133,926.1317827563729,,,,,,,,,,,,,,,,,,,,,,,,
140,321.5480573440131,127.31139023378603,832.6912786085398,322.21304256913214,180.5991526687929,851.9946648629181,373.87996874608973,181.8952505004828,853.0435618100255,372.45903282851805,129.5723072357826,835.2785566068997,374.5355123677458,169.45595347469703,921.8962812348997,,,,,,,,,,,,,,,,,,,,,,,,
141,321.75395078885475,127.50587814928926,833.7331375374645,323.5393877214843,182.03956238587477,857.8053527689303,373.67895776789317,181.70881589945563,852.1889378802217,372.81072795544793,129.67087113793113,836.0671108895018,382.17482935015795,174.72198309462814,950.8151727590443,,,,,,,,,,,,,,,,,,,,,,,,
142,322.1155262181492,127.61046948276149,835.2248155105257,323.53626756399296,182.0378068280483,857.7970802435467,373.48174977285277,181.38776385700996,851.5264126870278,372.6468526937667,129.69703699433413,836.162254001381,,,,,,,,,,,,,,,,,,,,,,,,,,,
143,322.2390185462157,127.65944551876454,835.5450233706442,323.5361679220231,182.02621213990037,857.796660272341,373.15695736892394,181.21164186281243,850.6155225559728,372.3996378890252,129.5645069837759,835.6073381757769,,,,,,,,,,,,,,,,,,,,,,,,,,,
144,322.5308326292119,127.92298792075754,836.6032380022074,,,,372.56205173812003,180.9644192101692,849.2595248718991,373.0840970238653,129.90178135333647,837.8734826509461,,,,,,,,,,,,,,,,,,,,,,,,,,,
145,322.8368410000155,127.75534439281711,837.8647498659238,,,,371.69418892383794,180.3893447196183,846.5665181902816,372.9428916671026,129.8467868803359,837.5563373619626,,,,,,,,,,,,,,,,,,,,,,,,,,,
146,322.83999658434175,127.59966639563464,837.8725317202507,,,,371.6933852271669,180.27372996195322,846.5638148039898,372.94369557131284,129.82422371131776,837.5580638904967,,,,,,,,,,,,,,,,,,,,,,,,,,,
147,322.6179573295234,127.52333856455122,837.3721427238148,,,,371.90110214144937,180.3681152818721,847.0368946817102,372.2298065110687,129.44600358751055,835.1926600790778,,,,,,,,,,,,,,,,,,,,,,,,,,,
148,,,,,,,372.81980441393574,181.0000026979438,849.8982891191304,371.6323018731446,129.31479298541137,833.1919557832628,,,,,,,,,,,,,,,,,,,,,,,,,,,
149,,,,323.8567863901209,182.18718734110146,854.760375925644,373.0892375018508,181.0337611106586,850.804814789965,371.065564058194,129.1318515229769,831.3152875681685,349.9354881981236,153.79975784159168,838.3082030085808,,,,,,,,,,,,,,,,,,,,,,,,
150,,,,323.81455856874993,181.8989462329353,854.5724246409052,373.10804483142056,181.0515254727737,850.8678016264255,370.92016322568765,129.05912999359967,830.8338142724534,348.4982650543209,152.9121182679507,833.6254568892668,,,,,,,,,,,,,,,,,,,,,,,,
151,,,,,,,372.91470082038757,181.10519648863834,850.4439602302897,368.9668521325021,128.82376310771446,826.4607894964272,348.4131296685697,152.797998764499,833.4212555120604,,,,,,,,,,,,,,,,,,,,,,,,
152,,,,,,,372.88664428625,180.98372609708912,850.3790330026849,368.7643578728952,128.8459461064406,826.162318642929,348.40166651013055,152.86147327264231,833.8063728739141,,,,,,,,,,,,,,,,,,,,,,,,
153,,,,,,,372.98031138377456,180.99882354909988,851.0835823179136,368.73606743427973,129.06134340814523,826.2275698449452,347.5272346675727,152.06367147645165,832.0856979217533,,,,,,,,,,,,,,,,,,,,,,,,
154,,,,,,,373.3337826829574,181.28931998392272,852.2921582667341,368.3799754161541,128.94507880655166,825.4842672403439,347.52770837558745,151.9821508066889,832.0864038888061,,,,,,,,,,,,,,,,,,,,,,,,
155,,,,327.40139229469986,185.0013580157579,864.9466224444658,373.19403591773636,181.21244913912574,852.1009765565312,368.8481710857592,129.1662430668986,827.0410952392265,349.3082517902479,152.79517338637402,837.2783322847483,,,,,,,,,,,,,,,,,,,,,,,,
156,,,,,,,371.23938611849707,180.26759186690566,847.7323407858211,368.86030341030175,129.38054488318556,828.113374162759,350.0016379242088,152.86923292810644,839.799934769006,,,,,,,,,,,,,,,,,,,,,,,,
157,,,,,,,370.89771652172357,180.12547332679367,846.9563523501103,368.87561312914374,129.40500764268833,828.164322302392,350.8417130505436,153.5585718877176,843.5906860208634,,,,,,,,,,,,,,,,,,,,,,,,
158,,,,324.07721780389403,182.09584302556223,853.0653975170154,370.93143250159807,180.10886029810004,847.0701745047626,368.69054636981815,129.51821604266848,828.0517887537418,351.23246046001333,153.81837642234606,845.0187334371944,,,,,,,,,,,,,,,,,,,,,,,,
159,,,,324.40447471361153,182.05188835268663,854.4277480295473,370.9334166982136,180.03391720166684,847.074461444447,368.1546612405995,129.44008643419374,826.5472819497639,350.3934204743933,153.49808184624487,843.091982146776,,,,,,,,,,,,,,,,,,,,,,,,
160,,,,325.01743963193377,182.60853996284112,856.9466832765945,371.287552943901,180.33532037097604,847.8840179057436,368.39442111727715,129.54383367351448,827.0692186312057,350.17957227495236,153.4738885839955,842.5959434544762,,,,,,,,,,,,,,,,,,,,,,,,
161,,,,325.3387426065167,182.89089956861605,857.7243752170864,374.1951079076613,182.00388071539018,855.5245875229937,368.1021781908602,129.4656022799446,826.0981760638934,348.7032944725507,152.68878648993916,839.0425324978439,,,,,,,,,,,,,,,,,,,,,,,,
162,,,,326.1778261891524,183.62543123622086,861.170129085079,374.4657099930311,182.5302441666829,856.2300248048371,367.4732626223049,129.35634842690288,824.6477239346345,347.9081494397649,152.41797556448788,837.5572082277678,,,,,,,,,,,,,,,,,,,,,,,,
163,,,,326.4106870976082,183.7364089133858,861.7849125466126,374.5522269913915,182.5759894173335,856.427832563288,367.22041468143414,129.25605177482456,823.9813321637241,348.31525698575217,152.69011350229482,839.0534204039902,,,,,,,,,,,,,,,,,,,,,,,,
164,,,,326.538987589458,183.72050308750678,860.8910575237126,374.9098758629595,182.9156339525344,857.3122898603701,367.3814092505225,129.24723424311452,824.3420879341678,347.8927031496479,152.63190140706274,838.0887738981997,,,,,,,,,,,,,,,,,,,,,,,,
165,,,,326.54078152563153,183.79730930386117,860.8973250136991,374.47814755448496,182.7805550072749,856.2597283355707,367.50842260688,129.3135457869478,824.7653573598084,348.5445658774814,153.01028453950104,840.2401932656506,,,,,,,,,,,,,,,,,,,,,,,,
166,,,,325.86976182391345,183.25425265179103,858.1023025995463,375.0706826593943,183.0200310920897,857.5296572488004,368.3470897693089,129.72125303420174,827.4439312076574,350.4924802743817,154.28265385651392,847.2306135432448,,,,,,,,,,,,,,,,,,,,,,,,
167,,,,325.1721115241876,182.89594422005666,856.2657197798063,375.3037816449328,183.21960184562025,858.0241138387357,368.49732862691155,129.6686481601768,827.8142693362346,351.3942908491452,155.07862314449162,850.5472394207357,,,,,,,,,,,,,,,,,,,,,,,,
168,,,,325.33266446101305,183.06312042040994,857.2091725960479,375.2390624839162,183.43440872005687,857.8129141713864,368.58416032104566,129.676592702466,828.1035480140972,351.25940783927825,155.36794289422102,850.2301096035403,,,,,,,,,,,,,,,,,,,,,,,,
169,,,,325.33644917879707,182.9681265537944,857.2195413850544,375.0969734820476,183.44210739653238,857.2974433507368,368.4926293181081,129.56949614344546,827.924217916438,351.45360713413527,155.44790852900528,850.9462458048242,,,,,,,,,,,,,,,,,,,,,,,,
170,,,,325.41864566241065,182.9830961913085,857.2892519602734,375.38385849281445,183.4343788942613,857.9520818429424,368.4234252276685,129.55478170559573,828.2859471524298,351.59088429477526,155.50868007030536,851.2786241348731,,,,,,,,,,,,,,,,,,,,,,,,
171,,,,326.1783877809118,183.05730692716767,859.4350314867872,375.12043662901897,183.29656357266464,857.0670729254273,368.3762667728616,129.57074498913568,828.3891221667913,351.60494379417156,155.5658846006667,851.3134172892381,,,,,,,,,,,,,,,,,,,,,,,,
172,,,,326.0935295597009,182.972679532216,859.064067457555,375.45718598136426,183.4057494816426,858.1196658058022,367.5797005143841,129.33052203411626,826.5976082536606,343.2214816225306,150.27215292825096,822.1596569912517,,,,,,,,,,,,,,,,,,,,,,,,
173,,,,326.294849869055,183.10264476488916,859.5947696655572,375.4575971691703,183.39264843814144,858.12056093192,367.6846886360606,129.42346557231872,826.9507166215651,342.9391441033018,150.04815587357203,821.117906440295,,,,,,,,,,,,,,,,,,,,,,,,
174,,,,326.3679628206005,183.12262899368136,859.898534870732,375.4209317813188,183.46730146489784,858.0722596944361,367.27631363159315,129.33135103607697,826.1084571464519,343.00574104593926,150.05948364052344,821.2772390579869,,,,,,,,,,,,,,,,,,,,,,,,
175,,,,326.41013597001194,182.88930380662595,860.0086944539022,375.07674359246255,183.3280274236411,857.3599416423631,366.04500973400746,128.91494970129236,823.3389200463969,343.00652083220825,150.1030879349031,821.2793458062449,,,,,,,,,,,,,,,,,,,,,,,,
176,,,,326.36488268614664,182.73206168374537,859.3852852445649,374.8338022020735,183.2360573797229,856.8046546611334,366.4630520209477,129.12276311352892,824.7379001499492,344.14939137375313,150.76113853652677,825.4870158978638,,,,,,,,,,,,,,,,,,,,,,,,
177,,,,326.4666246944017,182.69185152455728,859.8059913204614,374.1354190545389,183.08250171865149,855.4382904216753,366.15580516555633,128.94737278172755,824.109489300953,344.15325558157554,150.40454923023407,825.4938125709385,,,,,,,,,,,,,,,,,,,,,,,,
178,,,,325.31994072605033,181.33434358192522,856.7819956579485,374.12801088125264,183.43822513577896,855.4228230193331,365.01181280590407,128.03134738939295,821.5341498652228,346.5822279783422,151.00018134772546,834.423328065,,,,,,,,,,,,,,,,,,,,,,,,
179,,,,325.33485378843295,180.06163888967964,856.8116654645066,374.1279867125553,183.47297020417582,855.4229845020776,363.2146306593664,127.18293807199818,818.0518968586417,345.09790250915654,150.13642328749995,830.8481651079579,,,,,,,,,,,,,,,,,,,,,,,,
180,,,,324.5591689150668,180.77976900113538,860.8499197723693,374.11770257562824,183.6893499190267,855.3912788125671,363.4572814864162,127.15054059741603,818.866478219394,340.791576202951,147.8434122132776,821.1879314178473,,,,,,,,,,,,,,,,,,,,,,,,
181,,,,324.5894593166381,180.05942964351394,861.1846292743496,372.2131507251575,183.07502172163956,852.5376328092565,362.3786744869321,126.77284323494152,816.43638428058,340.2563221201042,147.30705837125672,819.8960325279816,,,,,,,,,,,,,,,,,,,,,,,,
182,,,,324.3060016854156,179.93842218149285,860.9220061768746,372.9793734813348,183.5790433645232,855.4779990771949,363.12807887437515,126.59563957868788,818.9413217166577,340.0620896179565,146.59317253396125,820.2475318081969,,,,,,,,,,,,,,,,,,,,,,,,
183,,,,323.29922186047673,177.36458302638414,859.845599609402,374.97959845576554,185.12890539934287,864.3939812024189,366.7297718888626,128.23823658559968,829.5703753956218,340.746856825266,147.28366360072872,825.8832694994745,,,,,,,,,,,,,,,,,,,,,,,,
184,,,,322.00084678646687,174.81033735502172,858.6668506992877,374.47631580822167,185.02886421092114,864.4783585311189,368.98226088799555,129.49088788756518,836.132640211055,338.29577018523315,146.47804839557975,820.7512260084341,,,,,,,,,,,,,,,,,,,,,,,,
185,,,,321.97327458448,174.05444827984275,859.336140791187,376.69517457267835,186.5147019315671,874.8879178741745,369.74606844538556,131.226783876008,838.7120712024824,339.8861819426324,147.47818897484498,826.8697354629093,,,,,,,,,,,,,,,,,,,,,,,,
186,,,,322.0013592707896,173.70387818285357,859.4463901524069,381.60369846377296,190.15402250069948,893.2872343412014,370.913535177232,132.33794813711083,841.3643098348529,343.10166038342277,149.62574069209614,839.1162937281899,,,,,,,,,,,,,,,,,,,,,,,,
187,,,,321.2877802070168,172.605322644898,861.3120950115622,374.0187526417566,185.4810689007531,876.0721980227038,372.7855560366784,133.69040733611862,847.3352498520605,341.6491788789921,148.99255034562137,836.218669583924,,,,,,,,,,,,,,,,,,,,,,,,
188,,,,319.58232360203743,170.57945042151707,857.715842800496,371.57738779139294,183.8271959894395,870.3506130827758,372.94026756949506,134.11545338972851,847.8579479798965,341.02567219990925,148.396549665469,834.689749386725,,,,,,,,,,,,,,,,,,,,,,,,
189,,,,319.3269292462725,169.5670704521226,857.510172731496,371.08897533801746,183.04776584091366,869.2050412263882,375.56877132111964,135.30314129699258,856.6692526514322,342.4929534095707,149.23552671513377,840.4416226398465,,,,,,,,,,,,,,,,,,,,,,,,
190,,,,,,,372.1404795166726,179.61278302879163,873.5777691199278,372.250892629245,133.91568708058946,849.6033498814536,342.57525115910676,148.16765511510943,840.7238570197703,,,,,,,,,,,,,,,,,,,,,,,,
191,,,,,,,,,,,,,,,,,,,,,,,,,,,,,,,,,,,,,,,
192,,,,,,,,,,,,,,,,,,,,,,,,,,,,,,,,,,,,,,,
193,,,,,,,,,,,,,,,,,,,,,,,,,,,,,,,,,,,,,,,
194,,,,,,,,,,,,,,,,,,,,,,,,,,,,,,,,,,,,,,,
195,,,,,,,,,,,,,,,,,,,,,,,,,,,,,,,,,,,,,,,
196,,,,,,,,,,,,,,,,,,,,,,,,,,,,,,,,,,,,,,,
197,,,,,,,,,,,,,,,,,,,,,,,,,,,,,,,,,,,,,,,
198,,,,,,,,,,,,,,,,,,,,,,,,,,,,,,,,,,,,,,,
199,,,,,,,,,,,,,,,,,,,,,,,,,,,,,,,,,,,,,,,
200,,,,,,,,,,,,,,,,,,,,,,,,,,,,,,,,,,,,,,,
201,,,,,,,,,,,,,,,,,,,,,,,,,,,,,,,,,,,,,,,
202,,,,,,,,,,,,,,,,,,,,,,,,,,,,,,,,,,,,,,,
203,,,,,,,,,,,,,,,,,,,,,,,,,,,,,,,,,,,,,,,
204,,,,,,,,,,,,,,,,,,,,,,,,,,,,,,,,,,,,,,,
205,,,,,,,,,,,,,,,,,,,,,,,,,,,,,,,,,,,,,,,
206,,,,,,,,,,,,,,,,,,,,,,,,,,,,,,,,,,,,,,,
207,,,,,,,,,,,,,,,,,,,,,,,,,,,,,,,,,,,,,,,
208,,,,,,,,,,,,,,,,,,,,,,,,,,,,,,,,,,,,,,,
209,,,,,,,,,,,,,,,,,,,,,,,,,,,,,,,,,,,,,,,
210,,,,,,,,,,,,,,,,,,,,,,,,,,,,,,,,,,,,,,,
211,,,,,,,,,,,,,,,,,,,,,,,,,,,,,,,,,,,,,,,
212,,,,,,,,,,,,,,,,,,,,,,,,,,,,,,,,,,,,,,,
213,,,,,,,,,,,,,,,,,,,,,,,,,,,,,,,,,,,,,,,
214,,,,,,,,,,,,,,,,,,,,,,,,,,,,,,,,,,,,,,,
215,,,,,,,,,,,,,,,,,,,,,,,,,,,,,,,,,,,,,,,
216,,,,,,,,,,,,,,,,,,,,,,,,,,,,,,,,,,,,,,,
217,,,,,,,,,,,,,,,,,,,,,,,,,,,,,,,,,,,,,,,
218,,,,,,,,,,,,,,,,,,,,,,,,,,,,,,,,,,,,,,,
219,,,,,,,,,,,,,,,,,,,,,,,,,,,,,,,,,,,,,,,
220,,,,,,,,,,,,,,,,,,,,,,,,,,,,,,,,,,,,,,,
221,,,,,,,,,,,,,,,,,,,,,,,,,,,,,,,,,,,,,,,
222,,,,,,,,,,,,,,,,,,,,,,,,,,,,,,,,,,,,,,,
223,,,,,,,,,,,,,,,,,,,,,,,,,,,,,,,,,,,,,,,
224,,,,,,,,,,,,,,,,,,,,,,,,,,,,,,,,,,,,,,,
225,,,,,,,,,,,,,,,,,,,,,,,,,,,,,,,,,,,,,,,
226,,,,,,,,,,,,,,,,,,,,,,,,,,,,,,,,,,,,,,,
227,,,,,,,,,,,,,,,,,,,,,,,,,,,,,,,,,,,,,,,
228,,,,,,,,,,,,,,,,,,,,,,,,,,,,,,,,,,,,,,,
229,,,,,,,,,,,,,,,,,,,,,,,,,,,,,,,,,,,,,,,
230,,,,,,,,,,,,,,,,,,,,,,,,,,,,,,,,,,,,,,,
231,,,,,,,,,,,,,,,,,,,,,,,,,,,,,,,,,,,,,,,
232,,,,,,,,,,,,,,,,,,,,,,,,,,,,,,,,,,,,,,,
233,,,,,,,,,,,,,,,,,,,,,,,,,,,,341.74209047005405,-152.3936164218886,1069.4018379981433,315.1805402773894,-93.46891882382958,950.466996455328,,,,,,
234,,,,,,,,,,,,,,,,,,,,,,,,,,,,,,,,,,,,,,,
235,,,,,,,,,,,,,,,,,,,,,,,,,,,,,,,310.8891200536701,-94.97809128242734,939.054020197889,,,,,,
236,,,,,,,,,,,,,,,,,,,,,,,,,,,,325.06122090946616,-146.1236070982604,1019.634081808898,,,,,,,,,
237,,,,,,,,,,,,,,,,,,,,,,,,,,,,324.5494168147908,-147.40186795964604,1018.9036676384952,309.94610001721645,-93.64105929311096,933.8094278547184,,,,,,
238,,,,,,,,,,,,,,,,,,,,,,,,,,,,324.55637151339107,-148.036296033466,1018.9233315260543,311.26760298091256,-95.32896077027642,940.3008556840296,,,,,,
239,,,,333.1082624865549,-119.36495082325861,896.010430319878,380.70047875775026,-117.09372576642967,893.9736193927962,,,,353.0363035366143,-138.21630120450087,877.7111184076529,,,,,,,,,,,,,324.93923604797703,-147.38053515940462,1018.9933011657699,313.130508497288,-95.83295828486732,942.3908907311405,,,,,,
240,,,,340.92599987152005,-126.70600486391962,938.3787516131746,385.04530167101115,-123.15879447133669,919.0473620925286,,,,354.45367232893017,-141.74093473421146,888.7365313812962,,,,,,,,,,,,,323.6422599624826,-147.0154435514842,1014.9243681433953,,,,,,,,,
241,,,,333.7711358169542,-125.73335760371042,925.7742465474632,385.89633924750206,-125.94279091554208,927.0052035288251,,,,362.5927263739594,-147.2636684216624,921.9687183272727,,,,,,,,,,,,,322.4643479449822,-145.9053054895925,1008.1177739446513,313.59381748016955,-94.15169329801913,941.4412050652587,,,,,,
242,,,,333.3154639577843,-126.38627532104627,925.7313266747549,381.793390526113,-125.6550090890229,921.4564460029727,,,,355.1197588461424,-144.53215811106068,904.5418016647118,,,,,,,,,,,,,323.61194026853644,-145.65528898489194,1011.7042903028182,312.9673129519231,-93.84000597953447,938.3962128081124,,,,,,
243,,,,,,,,,,,,,,,,,,,,,,,,,,,,324.6285250448197,-146.0646931245838,1014.8824819147321,314.0739867126612,-94.09852391728592,941.7143990811608,,,,,,
244,,,,,,,,,,,,,,,,,,,,,,,,,,,,324.9181496713351,-145.20909231331507,1016.3398524470408,314.85902330442934,-94.39973943990177,944.0682362834565,,,,,,
245,,,,329.2264019032076,-125.4297011014524,937.5884577056196,377.8375663167238,-122.79456941275055,934.386645067059,,,,356.37492317414006,-146.29389384080835,932.0073344185353,,,,,,,,,,,,,324.9794605979305,-144.6772318239119,1016.6575692871847,314.99011164920785,-94.57046873371907,944.700691659211,,,,,,
246,,,,326.69248383102297,-126.16147142778657,939.8944332984812,378.8995513962348,-122.2320611353671,944.3332234101689,,,,360.37178557955474,-149.23224362264133,952.0316482924627,,,,,,,,,,,,,325.40129117339376,-144.9733760080055,1018.7499229989746,315.41492376421945,-94.87671476003126,946.7532092751104,,,,,,
247,,,,326.95723808432297,-125.77759847458364,942.3184677002185,385.28829112613323,-125.3086715671072,969.3218541503385,,,,363.4794153056634,-151.51671034592704,967.9054587727421,,,,,,,,,,,,,325.62213562536994,-145.05645684347527,1019.4415270611078,314.8296429756043,-94.87801216687973,946.1073531229391,,,,,,
248,,,,329.4378303503201,-126.25644463620665,954.3259861935122,385.3470477125944,-125.49910890384713,973.7213334083667,,,,362.14748977345914,-148.9350836877772,966.5181559029,,,,,,,,,,,,,326.00938987199953,-145.19325528314283,1020.654044509844,314.2302545953816,-94.60143352620834,943.1952888564047,,,,,,
249,,,,327.7689420739607,-125.11259224951883,951.0558948077417,386.05480569593897,-125.9429428338737,977.744179060734,,,,351.2646304781405,-144.38580778779018,941.1226532279968,,,,,,,,,,,,,,,,,,,,,,,,
250,,,,331.7523658188613,-126.43483184603365,969.2934932045613,385.804432625251,-125.51401363599466,977.6751643091733,,,,351.820270116083,-144.05381934904463,943.3865488175594,,,,,,,,,,,,,,,,314.2315239834164,-94.79962912370961,943.1964320425419,,,,,,
251,,,,332.62593961301627,-125.32025530605341,973.9524220676379,385.7009974808032,-125.42423517057333,981.4041897126446,,,,353.225036864371,-144.53532638045579,949.1058712320312,,,,,,,,,,,,,,,,314.895979182938,-94.84482971043342,943.5209716260268,,,,,,
252,,,,333.70236826918836,-125.15452620850137,978.2429116429867,383.7712377880202,-124.96148815784287,977.718093561325,375.5797756610998,-159.85341761628425,932.620417773171,359.7337667873531,-147.26968882816243,969.0268367788598,,,,,,,,,,,,,,,,316.0661981218964,-95.46007639600329,947.0286835326285,,,,,,
253,,,,334.1420112792043,-124.99788493740394,979.6659412735269,383.7714138927476,-124.98279078502198,977.71844073029,374.5196194139345,-158.93827075835605,928.7516333807833,361.46372594797947,-147.2177283157485,973.6911737345587,,,,,,,,,,,,,,,,316.8472897292037,-96.08139795934066,952.9683095452546,,,,,,
254,,,,335.5598989073891,-124.99807372528025,984.4153849134518,383.7714737775821,-124.9539187259803,977.7186627221412,373.8656040609907,-158.56210010093434,927.1304672048908,362.5401855871665,-146.9252712848355,976.5921613972878,,,,,,,,,,,,,,,,,,,,,,,,
255,,,,340.4588241307183,-127.07543533338229,1001.886826984717,385.2904446584837,-125.39302437087375,981.1658358241451,375.57580790497457,-159.01881942538324,932.6145484739953,368.9267476433606,-149.1377898890027,993.5454640718116,,,,,,,,,,,,,,,,,,,,,,,,
256,,,,341.05182047625294,-127.02038601249322,1004.5545829312338,385.37586974415206,-125.27020173308975,980.2163443629044,387.39248317138356,-166.1033549830549,975.7400548804699,368.6663256690685,-148.5260725761999,991.0818068841959,,,,,,,,,,,,,,,,315.0228649046466,-95.24469751585688,945.6955825861378,,,,,,
257,,,,342.8303353185667,-127.4412033502474,1010.796963482946,385.4761279345241,-124.05969692145939,980.4752086915819,387.40745746765174,-165.75728890495546,975.7787852159979,370.38889766809956,-148.82655425454445,995.7143447177399,,,,,,,,,,,,,,,,314.4392278938198,-95.03889988599934,943.6061385686553,,,,,,
258,,,,346.08295051409675,-127.71058530941012,1022.1418261250898,384.8740451534308,-122.90972320659445,977.6131955608662,,,,371.11182000590037,-148.42565470322376,998.5940350986066,,,,,,,,,,,,,327.62592514731205,-146.7885795525263,1031.9509807180107,314.07854396652715,-94.76956110738227,941.8556143863242,,,,,,
259,,,,346.6411422895308,-127.73136479132906,1024.6703231132485,384.8706766111704,-121.7376129068775,977.6083695385541,392.2765606709195,-161.3489239898876,991.8679118214329,371.1117025084191,-147.5820312079515,998.5939029188752,,,,,,,,,,,,,327.6531501393092,-146.5419085163263,1030.2052427622864,313.7103508273686,-94.67137607704146,940.7513090409268,,,,,,
260,,,,346.9249519508909,-127.77574854991477,1025.95589328514,383.1293497387425,-119.1701939646941,971.8364769075408,392.96749777931296,-160.9739545294821,994.3932964299662,358.34861806950863,-141.2260769780384,965.2527945209364,,,,,,,,,,,,,327.7986079981519,-146.60685551653125,1030.6625912024322,312.7721069499485,-94.29933551007215,937.0563925481772,,,,,,
261,,,,346.9256245480873,-127.55242395376865,1025.958934414542,383.36164068610736,-118.73549906974469,973.7842769548812,392.9675443334944,-160.7234558296613,994.3940770583206,356.23976056572604,-139.89740201499004,959.5739624083593,,,,,,,,,,,,,328.81071126941714,-147.30856326691415,1035.6829061107255,312.1145004559165,-94.08242843802259,933.8568617396834,,,,,,
262,,,,345.89496197868453,-127.32342057692544,1023.1980528211187,383.2984223687233,-118.60819912157399,973.6245920486658,392.824797239884,-160.26729188618026,994.0346692925297,355.3518231465503,-139.31962292781228,957.5254168686263,,,,,,,,,,,,,,,,312.1147241155263,-94.13533197758147,933.856800534588,,,,,,
263,,,,337.78031774099315,-124.12223540287093,999.1950746824688,381.7825127348216,-118.4994056275306,973.3229946055603,390.27017615166534,-159.0097575246603,986.4662800636579,354.044395826397,-138.2607681327194,954.0251912229255,,,,,,,,,,,,,,,,312.1156618793617,-94.31011376515353,933.8579138117825,,,,,,
264,,,,336.12211513115125,-123.95553479039802,996.080601937456,377.67286982608067,-115.75667075487132,963.6464169804524,,,,353.5982140576332,-137.89119200678488,956.6265625374647,,,,,,,,,,,,,,,,313.74572549428626,-95.3481410434741,940.6884794496768,,,,,,
265,,,,333.9376168651825,-121.95621534893617,990.0633066033951,381.3581570164629,-117.51470974447453,979.3232132928794,,,,354.4188546976577,-138.07393265795773,959.9911021457102,,,,,,,,,,,,,,,,316.2638845075595,-98.0727383609154,952.4937963518602,,,,,,
266,,,,333.81928066885547,-121.83125496188549,990.3056512962993,382.56570051255886,-117.74870600112729,983.9368270079036,,,,354.14771741875,-136.92581608798204,959.6346708710024,,,,,,,,,,,,,,,,316.89835117322156,-98.47703124198263,955.032193199955,,,,,,
267,,,,333.538170587489,-121.12854004926115,989.4716339860388,380.9170227387502,-116.80898722395969,980.2952436473436,,,,354.6097590416575,-136.42257586953713,961.5350812448222,,,,,,,,,,,,,,,,,,,,,,,,
268,,,,334.20588271150257,-120.20699850183463,992.684928970069,381.5510691130003,-116.82594109592756,982.8722128181365,,,,353.82346399118603,-135.48859425870734,959.6692850038406,,,,,,,,,,,,,,,,,,,,,,,,
269,,,,334.242583081943,-120.0714926268407,992.855408191297,381.5406249441341,-116.66397739570621,983.1841242670342,,,,352.2158029630765,-134.98780524667077,956.2142414524035,,,,,,,,,,,,,,,,317.72885112977775,-98.85964097962449,957.9345535317269,,,,,,
270,,,,334.30946014811514,-119.86684071291752,993.0547417466264,381.777181822777,-116.48917651172123,984.2032439299402,,,,355.6906175149566,-137.1097791059645,971.4889519968315,,,,,,,,,,,,,,,,,,,,,,,,
271,,,,334.3089332344974,-119.63356330519558,993.0542403814408,382.6315412637319,-116.38820182124611,987.2922274795665,,,,355.6793142850527,-137.0007624822542,971.4582302614277,,,,,,,,,,,,,,,,,,,,,,,,
272,,,,335.5844230615271,-119.50061622755129,999.0844412595295,382.88958712443787,-116.43787392262949,988.2623380889262,,,,355.95542974229056,-137.07757429727914,972.5798721307636,,,,,,,,,,,,,,,,,,,,,,,,
273,,,,336.1704917484539,-119.48567661043452,1001.9232258680224,384.20960881208384,-116.93521191496599,993.3543292861292,,,,355.15461496180853,-136.68800223797305,970.3919776094176,,,,,,,,,,,,,,,,,,,,,,,,
274,,,,334.7439742648316,-118.76197645562871,998.035222610592,383.07832831321764,-116.31283363324984,991.0392941894131,,,,355.94919539156166,-137.07472314210713,974.1501587935288,,,,,,,,,,,,,,,,,,,,,,,,
275,,,,334.460477531831,-118.51538414789925,997.2640163805617,383.81810663579586,-116.74275991511733,995.2513290945631,,,,356.0518573210596,-136.9904493574847,974.6005102012225,,,,,,,,,,,,,,,,,,,,,,,,
276,,,,335.4226366328115,-118.79885536537735,1002.4240854360946,382.95591949557553,-116.25031536681034,994.8398640897366,,,,353.4276615063938,-135.24975580831008,967.4173229643188,,,,,,,,,,,,,,,,318.89493213471167,-97.6946206483522,962.2102555998658,,,,,,
277,,,,335.4188457215166,-118.73349968150237,1002.4119513441563,383.5915792778052,-116.5318660287656,997.2448938204873,,,,353.42807563374345,-135.26074223281333,967.4176869024041,,,,,,,,,,,,,,,,318.251877323641,-97.08642363378578,960.2677675888846,,,,,,
278,,,,335.8266504294888,-118.58061202168344,1003.6322793070705,386.0120577668992,-117.28920110995385,1003.5374129874299,,,,353.2405614609915,-135.23348741050245,966.6391516896489,,,,,,,,,,,,,,,,316.74658920654554,-96.54338268887217,954.2679272852542,,,,,,
279,,,,338.83496526552517,-119.5957329315652,1012.6222457634909,385.57330737164057,-117.64781402993705,1001.6367390749867,373.6407818512424,-151.95136288344284,950.097538922786,355.2174618029514,-135.89788043295428,971.0102221399728,,,,,,,,,,,,,328.2301891577199,-146.8656078697505,1031.7283081149435,315.9388882050401,-96.14613202497065,950.3500773217094,,,,,,
280,,,,339.7892305087811,-119.93192038571566,1015.4741070802579,385.54753170777354,-117.84483342127048,1001.3675211596116,373.6407818512424,-151.95136288344284,950.097538922786,356.19085202067055,-136.43720499886734,973.2752553338637,,,,,,,,,,,,,,,,315.7310937633928,-95.89099307829092,948.0554104309903,,,,,,
281,,,,341.267684759273,-120.4008116723869,1020.3401506867563,385.71709332692404,-117.7996132710956,1000.5467624115635,,,,351.78343090094137,-133.87031734260307,954.6359373877735,,,,,,,,,,,,,327.05016939611096,-146.03191123261715,1025.8811731424169,316.4085382675251,-96.26712135218675,951.7627104799577,,,,,,
282,,,,341.2693114064999,-120.52568102930601,1020.344874543116,385.31385427835045,-117.5679115927971,998.585925227765,,,,352.9399766753242,-134.1873816712559,956.7934463390345,,,,,,,,,,,,,,,,317.0054734399737,-96.5603784200256,954.6555851125153,,,,,,
283,,,,342.17397323717955,-120.7595179824571,1023.0503280276488,386.21128483159526,-117.78592306844855,1000.4468755279788,,,,353.1630493306573,-134.36846986913545,957.3983531891039,,,,,,,,,,,,,,,,316.408717493662,-96.31445885578484,951.7624121820435,,,,,,
284,,,,342.2056266112229,-120.53415099084171,1022.2750678205368,386.2874521877547,-117.28640272598612,997.9926951781889,,,,353.31661786523773,-134.24980616692432,957.7858502433968,,,,,,,,,,,,,,,,314.3354567732959,-95.08149050698988,941.7176567260822,,,,,,
285,,,,338.5714126712327,-117.77098345831122,1005.5672847143173,382.8060587230578,-113.87665787008555,982.7033615455363,379.7011545705985,-154.80607689788354,966.0504166813757,353.45928975401904,-134.16689712528805,957.3785480007833,,,,,,,,,,,,,331.43476865502197,-146.43816358044242,1046.7623050644627,314.33535373334627,-95.06914018610549,941.7171573799594,,,,,,
286,,,,338.5586145035818,-116.8680495701486,1005.5286883637888,384.3217172932806,-112.02009096622564,986.6027120450619,379.3661788651272,-154.11666518109166,963.1527064686214,354.75707537162896,-133.80355816621838,960.8977231257162,,,,,,,,,,,,,,,,313.61081015499724,-94.67875148450922,937.8612848939948,,,,,,
287,,,,340.2501493591256,-117.33713738670981,1010.5523148364941,384.32012580104106,-110.81337554676618,986.6048461492458,381.95458443645794,-155.10906688872254,969.6468902461569,355.55082983945715,-133.71048949986127,963.7380341073173,,,,,,,,,,,,,331.2249102860168,-146.40805006728468,1046.099771862055,314.84010309763505,-95.06131357433337,941.5374837340943,,,,,,
288,,,,,,,383.86515856184695,-110.7105551807785,985.6844099733934,379.3005074842232,-154.03294917777566,962.9091237625557,355.55082983945715,-133.71048949986127,963.7380341073173,,,,,,,,,,,,,,,,315.24264477041567,-94.96554261135765,943.4947836190114,,,,,,
289,,,,,,,385.2868702662601,-111.76416322912938,990.9874943045322,379.30073476967505,-154.03967700732633,962.9096662744824,356.03118370134246,-134.1103325906709,966.1131923484081,,,,,,,,,,,,,,,,315.24083959771275,-94.68703885823726,943.4929807927701,,,,,,
290,,,,,,,,,,,,,,,,,,,,,,,,,,,,,,,317.45064379608215,-96.18119317898594,956.5756772898566,,,,,,
291,,,,,,,,,,,,,,,,,,,,,,,,,,,,325.2395454632407,-146.3470771119573,1021.9221706087907,331.6906032846834,-103.2063160688103,1025.5709445690834,,,,,,
292,,,,,,,,,,,,,,,,,,,,,,,,,,,,326.405400323111,-148.13164500033366,1026.2077047418702,,,,,,,,,
293,338.1861444133247,-130.35516509595723,1024.7563749775888,,,,,,,384.4995309199265,-128.58616531253202,1011.8038999967032,359.1196322031502,-104.88262039699144,1028.1830561481104,,,,,,,,,,,,,323.4577791046855,-145.82719951971097,1011.5516068185975,,,,,,,,,
294,338.19763584591556,-134.14959881179564,1024.778688996129,,,,,,,384.50930650569563,-131.59888842903212,1011.8191003334276,361.63622555640467,-107.68564554087246,1038.9821699322788,,,,,,,,,,,,,324.00071614366095,-145.1342767008579,1012.64447969621,,,,,,,,,
295,338.20550970351775,-134.9657305436104,1024.7974058780846,,,,,,,387.5223973027663,-132.74705696807303,1019.7473349882165,360.4748100466361,-107.85633662178445,1036.23772060785,,,,,,,,,,,,,,,,,,,,,,,,
296,338.37740702237824,-135.1127229071482,1025.3176554450793,,,,,,,387.82967031952165,-132.8436599223605,1020.0136598597369,361.8894723629097,-108.32464551250641,1040.3042780491996,,,,,,,,,,,,,,,,,,,,,,,,
297,338.37866513930055,-135.14147538910873,1025.320315024848,,,,,,,387.02627123476515,-132.56614688341674,1016.9537850396307,362.0586724006046,-108.44411503751026,1040.790033200041,,,,,,,,,,,,,,,,,,,,,,,,
298,337.5608917016153,-134.72724333650538,1022.1786725727695,,,,,,,386.60294599558085,-132.51527600339517,1015.8410053199431,361.42015884140886,-108.18272070643667,1038.2842464389992,,,,,,,,,,,,,,,,,,,,,,,,
299,338.04642945593173,-135.2970929443954,1024.4771134874193,,,,,,,386.6031895930722,-132.57687197379957,1015.8416071179939,359.74073226070516,-107.92605657583528,1033.458113437943,,,,,,,,,,,,,,,,,,,,,,,,
300,338.6307356982634,-137.43024350042012,1027.2222255809065,,,,,,,386.4260764374425,-132.80235767531792,1015.4130642642992,359.106762131067,-108.42608930467287,1031.6364300080593,,,,,,,,,,,,,,,,,,,,,,,,
